anterior_dice,ap_swaps,arm,assd_mm,case_name,foreground_fn,foreground_fp,hd95_mm,posterior_dice,predicted_components,predicted_foreground_voxels,reference_foreground_voxels,soft_dice_score,surface_dice_1mm,surface_dice_2mm,total_errors,union_dice,update_rms
0.868560105680317,133,baseline,0.5959494724747905,hippocampus_001,52,880,1.7320508075688772,0.7835497835497836,1,3776,2948,0.7914487719535828,0.865625,0.9765625,1065,0.8613920285544319,0.02
0.8856088560885609,117,dice_only,0.538588559685844,hippocampus_001,34,787,1.4142135623730951,0.8053435114503816,1,3701,2948,0.8023461103439331,0.8806616778259158,0.9826703426545884,938,0.8765227853812604,0.02
0.8856088560885609,117,dice_plus_band,0.5371954145836054,hippocampus_001,33,786,1.4142135623730951,0.8058887677208287,1,3701,2948,0.8023710250854492,0.8807086614173228,0.9826771653543307,936,0.876823582493608,0.02
0.8856088560885609,117,dice_plus_rho_05,0.5371954145836054,hippocampus_001,33,786,1.4142135623730951,0.8058887677208287,1,3701,2948,0.8023714423179626,0.8807086614173228,0.9826771653543307,936,0.876823582493608,0.02
0.8856088560885609,117,dice_plus_rho_10,0.5379828161584086,hippocampus_001,33,787,1.4142135623730951,0.8056691196511311,1,3702,2948,0.802371621131897,0.8807086614173228,0.9826771653543307,937,0.8766917293233083,0.02
0.8856088560885609,117,dice_plus_rho_20,0.5379828161584086,hippocampus_001,33,787,1.4142135623730951,0.8056691196511311,1,3702,2948,0.8023712038993835,0.8807086614173228,0.9826771653543307,937,0.8766917293233083,0.02
0.8856088560885609,117,dice_plus_rho_30,0.5379828161584086,hippocampus_001,33,787,1.4142135623730951,0.8056691196511311,1,3702,2948,0.802370011806488,0.8807086614173228,0.9826771653543307,937,0.8766917293233083,0.02
0.868560105680317,133,baseline,0.5959494724747905,hippocampus_001,52,880,1.7320508075688772,0.7835497835497836,1,3776,2948,0.7914487719535828,0.865625,0.9765625,1065,0.8613920285544319,0.05
0.898639455782313,98,dice_only,0.4829104616533564,hippocampus_001,29,689,1.4142135623730951,0.8296460176991151,1,3608,2948,0.8143441081047058,0.9062003179650239,0.9872813990461049,816,0.8904820012202562,0.05
0.8989452194624021,98,dice_plus_band,0.4760366579536124,hippocampus_001,28,681,1.4142135623730951,0.8315789473684211,1,3601,2948,0.8146518468856812,0.9086576648133439,0.9872915011914217,807,0.8917391968239425,0.05
0.8989452194624021,98,dice_plus_rho_05,0.4760366579536124,hippocampus_001,28,681,1.4142135623730951,0.8315789473684211,1,3601,2948,0.8146548271179199,0.9086576648133439,0.9872915011914217,807,0.8917391968239425,0.05
0.8989452194624021,98,dice_plus_rho_10,0.4760366579536124,hippocampus_001,28,681,1.4142135623730951,0.8315789473684211,1,3601,2948,0.8146572113037109,0.9086576648133439,0.9872915011914217,807,0.8917391968239425,0.05
0.8989452194624021,98,dice_plus_rho_20,0.4760366579536124,hippocampus_001,28,681,1.4142135623730951,0.8315789473684211,1,3601,2948,0.8146594762802124,0.9086576648133439,0.9872915011914217,807,0.8917391968239425,0.05
0.8989452194624021,98,dice_plus_rho_30,0.47570765591836767,hippocampus_001,28,680,1.4142135623730951,0.8318093654752009,1,3600,2948,0.8146543502807617,0.90945194598888,0.9872915011914217,806,0.8918753817959683,0.05
0.868560105680317,133,baseline,0.5959494724747905,hippocampus_001,52,880,1.7320508075688772,0.7835497835497836,1,3776,2948,0.7914487719535828,0.865625,0.9765625,1065,0.8613920285544319,0.1
0.9074074074074074,81,dice_only,0.4467698257364941,hippocampus_001,21,636,1.4142135623730951,0.8472878998609179,1,3563,2948,0.8263931274414062,0.9171974522292994,0.990843949044586,738,0.8990938411918292,0.1
0.9105299380591879,81,dice_plus_band,0.4341635987342907,hippocampus_001,20,615,1.4142135623730951,0.8502092050209205,1,3543,2948,0.8272961974143982,0.9203187250996016,0.9908366533864542,716,0.9021722384840548,0.1
0.9102167182662538,81,dice_plus_rho_05,0.43438894178537224,hippocampus_001,20,616,1.4142135623730951,0.8502092050209205,1,3544,2948,0.8273021578788757,0.9203504579848666,0.9908403026682596,717,0.9020332717190388,0.1
0.9102167182662538,81,dice_plus_rho_10,0.43461410542319656,hippocampus_001,20,617,1.4142135623730951,0.8499721137757947,1,3545,2948,0.8273067474365234,0.9203821656050956,0.990843949044586,718,0.9018943477591252,0.1
0.9099037138927097,81,dice_plus_rho_20,0.43508049589901415,hippocampus_001,20,617,1.4142135623730951,0.8502092050209205,1,3545,2948,0.8273110389709473,0.9211783439490446,0.990843949044586,718,0.9018943477591252,0.1
0.9095909247163974,81,dice_plus_rho_30,0.437808211573356,hippocampus_001,20,620,1.4142135623730951,0.8497351547253973,1,3548,2948,0.8272950649261475,0.921146953405018,0.9908403026682596,721,0.9014778325123153,0.1
0.8769414575866189,102,baseline,0.4589051914022522,hippocampus_003,145,614,1.0,0.8560229945126732,1,3822,3353,0.8192380666732788,0.9731448763250884,1.0,861,0.8942160278745644,0.02
0.900241837968561,74,dice_only,0.4032844929114238,hippocampus_003,113,539,1.0,0.877092050209205,1,3779,3353,0.8305703997612,0.9797513321492007,1.0,726,0.9085810431856421,0.02
0.9005741915986702,74,dice_plus_band,0.40100590905267675,hippocampus_003,112,536,1.0,0.8777806856843758,1,3777,3353,0.8306507468223572,0.9801065719360569,1.0,722,0.9091164095371669,0.02
0.9005741915986702,74,dice_plus_rho_05,0.40100590905267675,hippocampus_003,112,536,1.0,0.8777806856843758,1,3777,3353,0.8306498527526855,0.9801065719360569,1.0,722,0.9091164095371669,0.02
0.9005741915986702,74,dice_plus_rho_10,0.40100590905267675,hippocampus_003,112,536,1.0,0.8777806856843758,1,3777,3353,0.8306488990783691,0.9801065719360569,1.0,722,0.9091164095371669,0.02
0.9005741915986702,74,dice_plus_rho_20,0.40100590905267675,hippocampus_003,112,536,1.0,0.8777806856843758,1,3777,3353,0.8306462168693542,0.9801065719360569,1.0,722,0.9091164095371669,0.02
0.9005741915986702,74,dice_plus_rho_30,0.40100590905267675,hippocampus_003,112,536,1.0,0.8777806856843758,1,3777,3353,0.8306417465209961,0.9801065719360569,1.0,722,0.9091164095371669,0.02
0.8769414575866189,102,baseline,0.4589051914022522,hippocampus_003,145,614,1.0,0.8560229945126732,1,3822,3353,0.8192380666732788,0.9731448763250884,1.0,861,0.8942160278745644,0.05
0.9136778115501519,67,dice_only,0.34722364570571546,hippocampus_003,86,466,1.0,0.8940990516332982,1,3733,3353,0.8420752286911011,0.9864912904372556,1.0,619,0.9220999153259949,0.05
0.913730255164034,68,dice_plus_band,0.34556903107047565,hippocampus_003,84,464,1.0,0.8945703742751713,1,3733,3353,0.8425513505935669,0.9864864864864865,1.0,616,0.9226644086931979,0.05
0.913730255164034,68,dice_plus_rho_05,0.34556903107047565,hippocampus_003,84,464,1.0,0.8945703742751713,1,3733,3353,0.842545747756958,0.9864864864864865,1.0,616,0.9226644086931979,0.05
0.913730255164034,68,dice_plus_rho_10,0.34556903107047565,hippocampus_003,84,464,1.0,0.8945703742751713,1,3733,3353,0.8425390124320984,0.9864864864864865,1.0,616,0.9226644086931979,0.05
0.913730255164034,68,dice_plus_rho_20,0.34556903107047565,hippocampus_003,85,464,1.0,0.8942789348800422,1,3732,3353,0.8425213694572449,0.9864864864864865,1.0,617,0.9225123500352859,0.05
0.913730255164034,68,dice_plus_rho_30,0.3456544265225043,hippocampus_003,85,464,1.0,0.8942789348800422,1,3732,3353,0.8424921035766602,0.9868467827941699,1.0,617,0.9225123500352859,0.05
0.8769414575866189,102,baseline,0.4589051914022522,hippocampus_003,145,614,1.0,0.8560229945126732,1,3822,3353,0.8192380666732788,0.9731448763250884,1.0,861,0.8942160278745644,0.1
0.9252364967958498,60,dice_only,0.30702049900073586,hippocampus_003,58,419,1.0,0.9071240105540898,1,3714,3353,0.8530849814414978,0.9904187366926899,1.0,537,0.9325031838120843,0.1
0.9258920402561757,62,dice_plus_band,0.29938066704271477,hippocampus_003,51,412,1.0,0.9091869060190074,1,3714,3353,0.8540942072868347,0.9911253106141285,1.0,525,0.9344842224423376,0.1
0.9258920402561757,62,dice_plus_rho_05,0.29938066704271477,hippocampus_003,51,412,1.0,0.9091869060190074,1,3714,3353,0.8540803790092468,0.9911253106141285,1.0,525,0.9344842224423376,0.1
0.9258920402561757,62,dice_plus_rho_10,0.29938066704271477,hippocampus_003,51,412,1.0,0.9091869060190074,1,3714,3353,0.854063868522644,0.9911253106141285,1.0,525,0.9344842224423376,0.1
0.9258920402561757,62,dice_plus_rho_20,0.29938066704271477,hippocampus_003,51,412,1.0,0.9091869060190074,1,3714,3353,0.8540217876434326,0.9911253106141285,1.0,525,0.9344842224423376,0.1
0.9258468111077205,61,dice_plus_rho_30,0.302683003927318,hippocampus_003,55,413,1.0,0.9083707420121468,1,3711,3353,0.8539543151855469,0.9911221590909091,1.0,529,0.9337485843714609,0.1
0.8849424712356178,127,baseline,0.4953397623041211,hippocampus_004,165,686,1.4142135623730951,0.8354171982648635,1,4219,3698,0.8226481676101685,0.9471936233809366,0.9936898040518101,978,0.8925097890615132,0.02
0.9054878048780488,90,dice_only,0.43454518897777733,hippocampus_004,129,607,1.0,0.861858811579482,1,4176,3698,0.8338701725006104,0.9598273572377158,0.9943559096945551,826,0.9065278130556261,0.02
0.90571791613723,90,dice_plus_band,0.432077699701648,hippocampus_004,127,605,1.0,0.8626554963188626,1,4176,3698,0.833941638469696,0.9598406903418519,0.9943577829405907,822,0.9070358140716281,0.02
0.90571791613723,90,dice_plus_rho_05,0.4327414899439314,hippocampus_004,127,606,1.0,0.8624365482233503,1,4177,3698,0.8339413404464722,0.9598406903418519,0.9943577829405907,823,0.9069206349206349,0.02
0.90571791613723,90,dice_plus_rho_10,0.4327414899439314,hippocampus_004,127,606,1.0,0.8624365482233503,1,4177,3698,0.8339406251907349,0.9598406903418519,0.9943577829405907,823,0.9069206349206349,0.02
0.90571791613723,90,dice_plus_rho_20,0.43254707028325207,hippocampus_004,127,605,1.0,0.8626554963188626,1,4176,3698,0.8339385390281677,0.9598406903418519,0.9943577829405907,822,0.9070358140716281,0.02
0.90571791613723,90,dice_plus_rho_30,0.43254707028325207,hippocampus_004,127,605,1.0,0.8626554963188626,1,4176,3698,0.833934485912323,0.9598406903418519,0.9943577829405907,822,0.9070358140716281,0.02
0.8849424712356178,127,baseline,0.4953397623041211,hippocampus_004,165,686,1.4142135623730951,0.8354171982648635,1,4219,3698,0.8226481676101685,0.9471936233809366,0.9936898040518101,978,0.8925097890615132,0.05
0.9160696008188332,86,dice_only,0.38110629339062063,hippocampus_004,105,532,1.0,0.877139208173691,1,4125,3698,0.8451049327850342,0.9664117060192883,0.9950116395078151,723,0.9185734373002684,0.05
0.9165813715455476,86,dice_plus_band,0.3758277710471359,hippocampus_004,104,523,1.0,0.8789352444330688,1,4117,3698,0.8455765247344971,0.9663781624500666,0.9950066577896138,713,0.9197696737044145,0.05
0.9165813715455476,86,dice_plus_rho_05,0.3758277710471359,hippocampus_004,104,523,1.0,0.8789352444330688,1,4117,3698,0.845573365688324,0.9663781624500666,0.9950066577896138,713,0.9197696737044145,0.05
0.9165813715455476,86,dice_plus_rho_10,0.3760061659821766,hippocampus_004,104,523,1.0,0.8789352444330688,1,4117,3698,0.8455688953399658,0.9670439414114514,0.9950066577896138,713,0.9197696737044145,0.05
0.9160696008188332,86,dice_plus_rho_20,0.3775449326490711,hippocampus_004,105,525,1.0,0.8787103377686797,1,4118,3698,0.8455561399459839,0.967054908485857,0.9950083194675541,716,0.9193961105424769,0.05
0.9160696008188332,86,dice_plus_rho_30,0.3775449326490711,hippocampus_004,105,525,1.0,0.8787103377686797,1,4118,3698,0.8455314636230469,0.967054908485857,0.9950083194675541,716,0.9193961105424769,0.05
0.8849424712356178,127,baseline,0.4953397623041211,hippocampus_004,165,686,1.4142135623730951,0.8354171982648635,1,4219,3698,0.8226481676101685,0.9471936233809366,0.9936898040518101,978,0.8925097890615132,0.1
0.9242229642948883,84,dice_only,0.3413777237257071,hippocampus_004,87,469,1.0,0.8895752895752895,1,4080,3698,0.8558003306388855,0.9713046379713046,0.9953286619953287,640,0.9285163281049112,0.1
0.926440329218107,84,dice_plus_band,0.3299239598653044,hippocampus_004,81,454,1.0,0.892553465601649,1,4071,3698,0.8568495512008667,0.972630173564753,0.9953271028037384,619,0.9311365684129231,0.1
0.926440329218107,84,dice_plus_rho_05,0.3295619266090414,hippocampus_004,81,453,1.0,0.8927835051546392,1,4070,3698,0.8568406105041504,0.9729549248747913,0.9953255425709516,618,0.9312564366632338,0.1
0.926440329218107,84,dice_plus_rho_10,0.3295619266090414,hippocampus_004,81,453,1.0,0.8927835051546392,1,4070,3698,0.856829047203064,0.9729549248747913,0.9953255425709516,618,0.9312564366632338,0.1
0.926440329218107,84,dice_plus_rho_20,0.33000600206883063,hippocampus_004,82,453,1.0,0.8924980665119876,1,4069,3698,0.8567970991134644,0.9729458917835672,0.9953239812959251,619,0.9311188361014548,0.1
0.9262021085111853,84,dice_plus_rho_30,0.3307591841842089,hippocampus_004,82,455,1.0,0.8922680412371135,1,4071,3698,0.856738269329071,0.9732888146911519,0.9953255425709516,621,0.9308791350238126,0.1
0.9082872928176795,26,baseline,0.4760211199761843,hippocampus_006,377,432,1.0,0.8900394477317555,1,4318,4263,0.8491809368133545,0.9723593287265548,0.9986837775584074,835,0.9057219438293905,0.02
0.9289473684210526,2,dice_only,0.4038813248651469,hippocampus_006,309,367,1.0,0.911530815109344,1,4321,4263,0.8600863814353943,0.9769205407187603,0.9986811737553577,678,0.9212488350419384,0.02
0.9291821968866477,2,dice_plus_band,0.4020706178999449,hippocampus_006,307,367,1.0,0.9118012422360249,1,4323,4263,0.8601768016815186,0.9772577455504284,0.9990112063282794,676,0.9215001164686699,0.02
0.9289473684210526,2,dice_plus_rho_05,0.4011574948345463,hippocampus_006,307,367,1.0,0.9120715350223547,1,4323,4263,0.8601763248443604,0.9775799538410814,0.9990108803165183,676,0.9215001164686699,0.02
0.9289473684210526,2,dice_plus_rho_10,0.4011574948345463,hippocampus_006,307,367,1.0,0.9120715350223547,1,4323,4263,0.860175609588623,0.9775799538410814,0.9990108803165183,676,0.9215001164686699,0.02
0.9289473684210526,2,dice_plus_rho_20,0.4011574948345463,hippocampus_006,307,367,1.0,0.9120715350223547,1,4323,4263,0.8601731657981873,0.9775799538410814,0.9990108803165183,676,0.9215001164686699,0.02
0.9289473684210526,2,dice_plus_rho_30,0.4011574948345463,hippocampus_006,307,367,1.0,0.9120715350223547,1,4323,4263,0.8601681590080261,0.9775799538410814,0.9990108803165183,676,0.9215001164686699,0.02
0.9082872928176795,26,baseline,0.4760211199761843,hippocampus_006,377,432,1.0,0.8900394477317555,1,4318,4263,0.8491809368133545,0.9723593287265548,0.9986837775584074,835,0.9057219438293905,0.05
0.9405854084753167,0,dice_only,0.34181203070411886,hippocampus_006,249,322,1.0,0.9256403879631933,1,4336,4263,0.871290385723114,0.9848684210526316,0.9990131578947369,571,0.933596929875567,0.05
0.9419467481449149,0,dice_plus_band,0.335325011600183,hippocampus_006,242,319,1.0,0.9266351653817458,1,4340,4263,0.8718103170394897,0.985207100591716,0.9990138067061144,561,0.93479018946879,0.05
0.941741217543094,0,dice_plus_rho_05,0.3359824737961068,hippocampus_006,242,320,1.0,0.9266351653817458,1,4341,4263,0.8718072772026062,0.985207100591716,0.9990138067061144,562,0.9346815434681544,0.05
0.9415102575294632,0,dice_plus_rho_10,0.3363676062337313,hippocampus_006,243,319,1.0,0.926865671641791,1,4339,4263,0.8718029856681824,0.9858645627876397,0.9990138067061144,562,0.9346663566612415,0.05
0.9415102575294632,0,dice_plus_rho_20,0.3363134508834257,hippocampus_006,242,319,1.0,0.9271325540910221,1,4340,4263,0.8717896938323975,0.9865264541570818,0.9990141307919816,561,0.93479018946879,0.05
0.9415102575294632,0,dice_plus_rho_30,0.3363134508834257,hippocampus_006,242,319,1.0,0.9271325540910221,1,4340,4263,0.8717628717422485,0.9865264541570818,0.9990141307919816,561,0.93479018946879,0.05
0.9082872928176795,26,baseline,0.4760211199761843,hippocampus_006,377,432,1.0,0.8900394477317555,1,4318,4263,0.8491809368133545,0.9723593287265548,0.9986837775584074,835,0.9057219438293905,0.1
0.9475753604193972,0,dice_only,0.2908894066765018,hippocampus_006,214,273,1.0,0.9383578737209882,1,4322,4263,0.8816439509391785,0.9888268156424581,0.9996713769306605,487,0.9432731508444963,0.1
0.9501965923984272,0,dice_plus_band,0.27724918262859743,hippocampus_006,205,260,1.0,0.9407944041968523,1,4318,4263,0.88279789686203,0.9908136482939632,0.9996719160104987,465,0.9458105115953852,0.1
0.9501965923984272,0,dice_plus_rho_05,0.2779053506076,hippocampus_006,205,261,1.0,0.9405594405594405,1,4319,4263,0.8827886581420898,0.9908136482939632,0.9996719160104987,466,0.9457003029596831,0.1
0.9501965923984272,0,dice_plus_rho_10,0.2779053506076,hippocampus_006,205,261,1.0,0.9405594405594405,1,4319,4263,0.8827764987945557,0.9908136482939632,0.9996719160104987,466,0.9457003029596831,0.1
0.9501965923984272,0,dice_plus_rho_20,0.27697738895249957,hippocampus_006,204,260,1.0,0.9410589410589411,1,4319,4263,0.8827421069145203,0.9914698162729659,0.9996719160104987,464,0.9459333488697274,0.1
0.9499672274415556,0,dice_plus_rho_30,0.2776335569315022,hippocampus_006,205,260,1.0,0.9410589410589411,1,4318,4263,0.8826779127120972,0.9914698162729659,0.9996719160104987,465,0.9458105115953852,0.1
0.9293295366295625,13,baseline,0.4246677878010633,hippocampus_007,63,594,1.0,0.8798358733880423,1,3903,3372,0.8386015295982361,0.9754738015607581,1.0,670,0.9096907216494845,0.02
0.9448204060385216,1,dice_only,0.35596419326553846,hippocampus_007,38,499,1.0,0.9027653880463872,1,3833,3372,0.8493289947509766,0.9850467289719627,1.0,538,0.925468424705066,0.02
0.945066388961208,1,dice_plus_band,0.3549753990221823,hippocampus_007,38,497,1.0,0.9030339083878643,1,3831,3372,0.8494319915771484,0.9850411368735976,1.0,536,0.9257253921976955,0.02
0.945066388961208,1,dice_plus_rho_05,0.3549753990221823,hippocampus_007,38,497,1.0,0.9030339083878643,1,3831,3372,0.8494307398796082,0.9850411368735976,1.0,536,0.9257253921976955,0.02
0.945066388961208,1,dice_plus_rho_10,0.3549753990221823,hippocampus_007,38,497,1.0,0.9030339083878643,1,3831,3372,0.8494293093681335,0.9850411368735976,1.0,536,0.9257253921976955,0.02
0.945066388961208,1,dice_plus_rho_20,0.3549753990221823,hippocampus_007,38,497,1.0,0.9030339083878643,1,3831,3372,0.8494254350662231,0.9850411368735976,1.0,536,0.9257253921976955,0.02
0.945066388961208,1,dice_plus_rho_30,0.3549753990221823,hippocampus_007,38,497,1.0,0.9030339083878643,1,3831,3372,0.8494192957878113,0.9850411368735976,1.0,536,0.9257253921976955,0.02
0.9293295366295625,13,baseline,0.4246677878010633,hippocampus_007,63,594,1.0,0.8798358733880423,1,3903,3372,0.8386015295982361,0.9754738015607581,1.0,670,0.9096907216494845,0.05
0.9551298871687222,0,dice_only,0.30673526954573027,hippocampus_007,30,426,1.0,0.914388705316912,1,3768,3372,0.8598775863647461,0.9894736842105263,1.0,456,0.9361344537815126,0.05
0.9561564715148333,0,dice_plus_band,0.2999683522524972,hippocampus_007,29,418,1.0,0.9157641395908543,1,3761,3372,0.8603639602661133,0.9894736842105263,1.0,447,0.937333520257956,0.05
0.9561564715148333,0,dice_plus_rho_05,0.2999683522524972,hippocampus_007,29,418,1.0,0.9157641395908543,1,3761,3372,0.8603568077087402,0.9894736842105263,1.0,447,0.937333520257956,0.05
0.9561564715148333,0,dice_plus_rho_10,0.2999683522524972,hippocampus_007,29,418,1.0,0.9157641395908543,1,3761,3372,0.8603484034538269,0.9894736842105263,1.0,447,0.937333520257956,0.05
0.9561564715148333,0,dice_plus_rho_20,0.2999683522524972,hippocampus_007,29,418,1.0,0.9157641395908543,1,3761,3372,0.860327422618866,0.9894736842105263,1.0,447,0.937333520257956,0.05
0.9559055118110236,0,dice_plus_rho_30,0.3007202319517453,hippocampus_007,29,419,1.0,0.9157641395908543,1,3762,3372,0.86029452085495,0.9894736842105263,1.0,448,0.9372021306419961,0.05
0.9293295366295625,13,baseline,0.4246677878010633,hippocampus_007,63,594,1.0,0.8798358733880423,1,3903,3372,0.8386015295982361,0.9754738015607581,1.0,670,0.9096907216494845,0.1
0.962279082036402,0,dice_only,0.2669130202974349,hippocampus_007,24,369,1.0,0.9241964827167981,1,3717,3372,0.8699373602867126,0.9928490779074144,1.0,393,0.9445619974608549,0.1
0.9646251319957762,0,dice_plus_band,0.25327350977026547,hippocampus_007,21,351,1.0,0.9275715155203895,1,3702,3372,0.8710045218467712,0.9928409947249435,1.0,372,0.9474130619168787,0.1
0.9646251319957762,0,dice_plus_rho_05,0.2525199302676279,hippocampus_007,21,350,1.0,0.9278538812785389,1,3701,3372,0.8709876537322998,0.9928409947249435,1.0,371,0.9475470097554078,0.1
0.9646251319957762,0,dice_plus_rho_10,0.2528014670170563,hippocampus_007,21,351,1.0,0.9275715155203895,1,3702,3372,0.8709680438041687,0.9928436911487759,1.0,372,0.9474130619168787,0.1
0.9643705463182898,0,dice_plus_rho_20,0.2535547626856062,hippocampus_007,21,352,1.0,0.9275715155203895,1,3703,3372,0.8709191083908081,0.9928436911487759,1.0,373,0.9472791519434629,0.1
0.9640971488912354,0,dice_plus_rho_30,0.255061354022706,hippocampus_007,22,353,1.0,0.9272893215698205,1,3703,3372,0.8708432912826538,0.9928436911487759,1.0,375,0.9469964664310954,0.1
0.9015907252628741,30,baseline,0.49654167782514097,hippocampus_008,58,695,1.0,0.8691588785046729,1,3885,3248,0.8286545276641846,0.9553470919324578,0.9969981238273922,783,0.8944343193607178,0.02
0.9219006007646096,9,dice_only,0.4282490060140036,hippocampus_008,38,597,1.0,0.8918361332154435,1,3807,3248,0.8396353125572205,0.96637703060068,0.9984888553078958,644,0.9099929128277817,0.02
0.9216489216489216,10,dice_plus_band,0.4263043927860369,hippocampus_008,38,593,1.0,0.8925619834710744,1,3803,3248,0.8396965265274048,0.966351606805293,0.9984877126654065,641,0.9105091476386328,0.02
0.9216489216489216,10,dice_plus_rho_05,0.4263043927860369,hippocampus_008,38,593,1.0,0.8925619834710744,1,3803,3248,0.8396962881088257,0.966351606805293,0.9984877126654065,641,0.9105091476386328,0.02
0.9216489216489216,10,dice_plus_rho_10,0.4263043927860369,hippocampus_008,38,593,1.0,0.8925619834710744,1,3803,3248,0.8396958112716675,0.966351606805293,0.9984877126654065,641,0.9105091476386328,0.02
0.9216489216489216,10,dice_plus_rho_20,0.4263043927860369,hippocampus_008,38,593,1.0,0.8925619834710744,1,3803,3248,0.8396944999694824,0.966351606805293,0.9984877126654065,641,0.9105091476386328,0.02
0.9216489216489216,10,dice_plus_rho_30,0.4263043927860369,hippocampus_008,38,593,1.0,0.8925619834710744,1,3803,3248,0.8396920561790466,0.966351606805293,0.9984877126654065,641,0.9105091476386328,0.02
0.9015907252628741,30,baseline,0.49654167782514097,hippocampus_008,58,695,1.0,0.8691588785046729,1,3885,3248,0.8286545276641846,0.9553470919324578,0.9969981238273922,783,0.8944343193607178,0.05
0.9372592184920198,0,dice_only,0.3721683240301141,hippocampus_008,23,523,1.0,0.9054134443783463,1,3748,3248,0.8509782552719116,0.9750189250567751,0.9992429977289932,546,0.9219554030874786,0.05
0.9377753303964758,0,dice_plus_band,0.36941996669983385,hippocampus_008,23,518,1.0,0.9062220899077106,1,3743,3248,0.8514155149459839,0.975,0.9992424242424243,541,0.9226147904448577,0.05
0.9377753303964758,0,dice_plus_rho_05,0.36941996669983385,hippocampus_008,23,518,1.0,0.9062220899077106,1,3743,3248,0.8514114618301392,0.975,0.9992424242424243,541,0.9226147904448577,0.05
0.9377753303964758,0,dice_plus_rho_10,0.36941996669983385,hippocampus_008,23,518,1.0,0.9062220899077106,1,3743,3248,0.8514062762260437,0.975,0.9992424242424243,541,0.9226147904448577,0.05
0.9377753303964758,0,dice_plus_rho_20,0.3690217907356142,hippocampus_008,23,518,1.0,0.9062220899077106,1,3743,3248,0.8513927459716797,0.975766755017039,0.9992427110942824,541,0.9226147904448577,0.05
0.9375172034131571,0,dice_plus_rho_30,0.3700176189753055,hippocampus_008,23,520,1.0,0.905952380952381,1,3745,3248,0.85136878490448,0.975775927327782,0.9992429977289932,543,0.9223509223509223,0.05
0.9015907252628741,30,baseline,0.49654167782514097,hippocampus_008,58,695,1.0,0.8691588785046729,1,3885,3248,0.8286545276641846,0.9553470919324578,0.9969981238273922,783,0.8944343193607178,0.1
0.945213060320974,0,dice_only,0.33245422059906704,hippocampus_008,18,461,1.0,0.9154887218045112,1,3691,3248,0.8612558245658875,0.9798555682250095,0.999619916381604,479,0.9309698803862227,0.1
0.9465522016062032,0,dice_plus_band,0.3216411114283761,hippocampus_008,17,445,1.0,0.9188047087232116,1,3676,3248,0.8622970581054688,0.9802130898021308,0.9996194824961948,462,0.9332755632582322,0.1
0.9465522016062032,0,dice_plus_rho_05,0.3216411114283761,hippocampus_008,17,445,1.0,0.9188047087232116,1,3676,3248,0.8622851371765137,0.9802130898021308,0.9996194824961948,462,0.9332755632582322,0.1
0.9465522016062032,0,dice_plus_rho_10,0.3216411114283761,hippocampus_008,17,445,1.0,0.9188047087232116,1,3676,3248,0.8622705936431885,0.9802130898021308,0.9996194824961948,462,0.9332755632582322,0.1
0.9468144044321329,0,dice_plus_rho_20,0.3210022233855243,hippocampus_008,17,444,1.0,0.9188047087232116,1,3675,3248,0.8622326850891113,0.9805862200228398,0.9996193376475067,461,0.933410371226347,0.1
0.9465225824328068,0,dice_plus_rho_30,0.324047522205471,hippocampus_008,18,448,1.0,0.9176967138981007,1,3678,3248,0.8621686697006226,0.9805862200228398,0.9996193376475067,466,0.932717297141207,0.1
0.9269289729177312,0,baseline,0.4249622319071922,hippocampus_011,135,550,1.4142135623730951,0.8830940521535307,1,3871,3456,0.8370184302330017,0.9488945270025372,0.9887640449438202,685,0.9065101678722534,0.02
0.9406649616368287,0,dice_only,0.35460582647287037,hippocampus_011,94,470,1.0,0.901716992303138,1,3832,3456,0.8465871810913086,0.9610200364298725,0.9916211293260474,564,0.9226125137211855,0.02
0.9409358220403988,0,dice_plus_band,0.35235853369235215,hippocampus_011,93,468,1.0,0.9022511848341233,1,3831,3456,0.8466508388519287,0.9617764834364761,0.9916272297051328,561,0.9230135858377934,0.02
0.9409358220403988,0,dice_plus_rho_05,0.35235853369235215,hippocampus_011,93,468,1.0,0.9022511848341233,1,3831,3456,0.8466500043869019,0.9617764834364761,0.9916272297051328,561,0.9230135858377934,0.02
0.9409358220403988,0,dice_plus_rho_10,0.35235853369235215,hippocampus_011,93,468,1.0,0.9022511848341233,1,3831,3456,0.8466488718986511,0.9617764834364761,0.9916272297051328,561,0.9230135858377934,0.02
0.9409358220403988,0,dice_plus_rho_20,0.35235853369235215,hippocampus_011,93,468,1.0,0.9022511848341233,1,3831,3456,0.8466457724571228,0.9617764834364761,0.9916272297051328,561,0.9230135858377934,0.02
0.9409358220403988,0,dice_plus_rho_30,0.35235853369235215,hippocampus_011,93,468,1.0,0.9022511848341233,1,3831,3456,0.8466410636901855,0.9617764834364761,0.9916272297051328,561,0.9230135858377934,0.02
0.9269289729177312,0,baseline,0.4249622319071922,hippocampus_011,135,550,1.4142135623730951,0.8830940521535307,1,3871,3456,0.8370184302330017,0.9488945270025372,0.9887640449438202,685,0.9065101678722534,0.05
0.9512320328542094,0,dice_only,0.30289059019529063,hippocampus_011,74,391,1.0,0.9174917491749175,1,3773,3456,0.8570017218589783,0.9669360764144012,0.9926524614254225,465,0.9356757504495781,0.05
0.9530166880616174,0,dice_plus_band,0.2974892269428817,hippocampus_011,71,386,1.0,0.9177671068427371,1,3771,3456,0.8573789000511169,0.9669239250275634,0.9926497611172364,457,0.9367649093676491,0.05
0.9527720739219713,0,dice_plus_rho_05,0.2977473131930864,hippocampus_011,71,387,1.0,0.9177671068427371,1,3772,3456,0.8573741316795349,0.9669360764144012,0.9926524614254225,458,0.9366353071389043,0.05
0.9527720739219713,0,dice_plus_rho_10,0.2977473131930864,hippocampus_011,71,387,1.0,0.9177671068427371,1,3772,3456,0.8573681712150574,0.9669360764144012,0.9926524614254225,458,0.9366353071389043,0.05
0.9527720739219713,0,dice_plus_rho_20,0.2974453828421949,hippocampus_011,71,386,1.0,0.9180426298408886,1,3771,3456,0.8573524951934814,0.9669360764144012,0.9930198383541513,457,0.9367649093676491,0.05
0.9527720739219713,0,dice_plus_rho_30,0.29818013669965265,hippocampus_011,71,387,1.0,0.9177671068427371,1,3772,3456,0.8573271632194519,0.9669360764144012,0.9930198383541513,458,0.9366353071389043,0.05
0.9269289729177312,0,baseline,0.4249622319071922,hippocampus_011,135,550,1.4142135623730951,0.8830940521535307,1,3871,3456,0.8370184302330017,0.9488945270025372,0.9887640449438202,685,0.9065101678722534,0.1
0.9591364687740941,0,dice_only,0.25856233576309284,hippocampus_011,57,335,1.0,0.9293725371324644,1,3734,3456,0.8671824932098389,0.9741983044600073,0.9952082565425728,392,0.9454798331015299,0.1
0.9616670954463596,0,dice_plus_band,0.24950265110638814,hippocampus_011,52,323,1.0,0.9314320388349514,1,3727,3456,0.8680819272994995,0.9745575221238938,0.9948377581120944,375,0.9477934010858973,0.1
0.9614197530864198,0,dice_plus_rho_05,0.2502401142332318,hippocampus_011,52,324,1.0,0.9314320388349514,1,3728,3456,0.868070125579834,0.9745575221238938,0.9948377581120944,376,0.9476614699331849,0.1
0.9614197530864198,0,dice_plus_rho_10,0.2502401142332318,hippocampus_011,52,324,1.0,0.9314320388349514,1,3728,3456,0.8680558204650879,0.9745575221238938,0.9948377581120944,376,0.9476614699331849,0.1
0.9614197530864198,0,dice_plus_rho_20,0.2509775773600755,hippocampus_011,52,325,1.0,0.9311495298756445,1,3729,3456,0.8680188059806824,0.9745575221238938,0.9948377581120944,377,0.9475295755045233,0.1
0.9614197530864198,0,dice_plus_rho_30,0.2517150404869191,hippocampus_011,53,326,1.0,0.9305429178040643,1,3729,3456,0.8679585456848145,0.9745575221238938,0.9948377581120944,379,0.9472512178148922,0.1
0.871309963099631,117,baseline,0.6831489831756085,hippocampus_014,166,1075,1.4142135623730951,0.7597589730154571,1,4531,3622,0.7865611910820007,0.8930412371134021,0.9832474226804123,1358,0.8477860910094444,0.02
0.8947491248541424,74,dice_only,0.6182942076998498,hippocampus_014,131,971,1.4142135623730951,0.7896814951302974,1,4462,3622,0.797948956489563,0.9074193548387097,0.9854838709677419,1176,0.863681345868382,0.02
0.8951669390614055,75,dice_plus_band,0.6162710271808319,hippocampus_014,130,967,1.4142135623730951,0.7898894154818326,1,4459,3622,0.797996997833252,0.9093548387096774,0.9854838709677419,1172,0.8642494740749908,0.02
0.8951669390614055,75,dice_plus_rho_05,0.6162710271808319,hippocampus_014,130,967,1.4142135623730951,0.7898894154818326,1,4459,3622,0.7979966402053833,0.9093548387096774,0.9854838709677419,1172,0.8642494740749908,0.02
0.8951669390614055,75,dice_plus_rho_10,0.6162710271808319,hippocampus_014,130,967,1.4142135623730951,0.7898894154818326,1,4459,3622,0.7979959845542908,0.9093548387096774,0.9854838709677419,1172,0.8642494740749908,0.02
0.8951669390614055,75,dice_plus_rho_20,0.6162710271808319,hippocampus_014,130,967,1.4142135623730951,0.7898894154818326,1,4459,3622,0.7979936599731445,0.9093548387096774,0.9854838709677419,1172,0.8642494740749908,0.02
0.8951669390614055,75,dice_plus_rho_30,0.615782036709581,hippocampus_014,130,965,1.4142135623730951,0.7903055848261328,1,4457,3622,0.7979900240898132,0.909648273636657,0.9858018715714747,1170,0.8644634236910509,0.02
0.871309963099631,117,baseline,0.6831489831756085,hippocampus_014,166,1075,1.4142135623730951,0.7597589730154571,1,4531,3622,0.7865611910820007,0.8930412371134021,0.9832474226804123,1358,0.8477860910094444,0.05
0.9078978204827748,68,dice_only,0.5632537514995852,hippocampus_014,108,884,1.4142135623730951,0.8041566746602717,1,4398,3622,0.8099418878555298,0.9195216548157724,0.989010989010989,1060,0.8763092269326683,0.05
0.9090909090909091,68,dice_plus_band,0.5577966064488088,hippocampus_014,105,876,1.4142135623730951,0.8054443554843875,1,4393,3622,0.8103961944580078,0.9194695989650712,0.9890038809831824,1049,0.8776044915782907,0.05
0.9088779573670649,68,dice_plus_rho_05,0.5579395755382207,hippocampus_014,105,877,1.4142135623730951,0.8054443554843875,1,4394,3622,0.8103954195976257,0.9194956353055286,0.9890074361461364,1050,0.8774950099800399,0.05
0.9088779573670649,68,dice_plus_rho_10,0.5585861969413892,hippocampus_014,105,878,1.4142135623730951,0.8052294557097118,1,4395,3622,0.8103936910629272,0.9194956353055286,0.9890074361461364,1051,0.8773855556941499,0.05
0.9088779573670649,68,dice_plus_rho_20,0.5585861969413892,hippocampus_014,105,878,1.4142135623730951,0.8052294557097118,1,4395,3622,0.8103861212730408,0.9194956353055286,0.9890074361461364,1051,0.8773855556941499,0.05
0.9086223055295221,68,dice_plus_rho_30,0.5590902675096109,hippocampus_014,106,878,1.4142135623730951,0.8052294557097118,1,4394,3622,0.8103673458099365,0.9194695989650712,0.9890038809831824,1052,0.8772455089820359,0.05
0.871309963099631,117,baseline,0.6831489831756085,hippocampus_014,166,1075,1.4142135623730951,0.7597589730154571,1,4531,3622,0.7865611910820007,0.8930412371134021,0.9832474226804123,1358,0.8477860910094444,0.1
0.9177408014998828,66,dice_only,0.5142037274576595,hippocampus_014,87,807,1.4142135623730951,0.8174195293481201,1,4342,3622,0.8221516609191895,0.9284094590217039,0.9902818270165209,960,0.8877448518332496,0.1
0.9192867198498358,66,dice_plus_band,0.5048325867635669,hippocampus_014,83,795,1.4142135623730951,0.8197076340010828,1,4334,3622,0.8232790231704712,0.9288025889967637,0.9902912621359223,944,0.8896430367018602,0.1
0.9192867198498358,66,dice_plus_rho_05,0.5048325867635669,hippocampus_014,83,795,1.4142135623730951,0.8197076340010828,1,4334,3622,0.8232784271240234,0.9288025889967637,0.9902912621359223,944,0.8896430367018602,0.1
0.9190710767065446,66,dice_plus_rho_10,0.5054798359545054,hippocampus_014,83,796,1.4142135623730951,0.8197076340010828,1,4335,3622,0.8232755661010742,0.9288025889967637,0.9902912621359223,945,0.8895312303632023,0.1
0.9190710767065446,66,dice_plus_rho_20,0.5054798359545054,hippocampus_014,83,796,1.4142135623730951,0.8197076340010828,1,4335,3622,0.823262095451355,0.9288025889967637,0.9902912621359223,945,0.8895312303632023,0.1
0.9192867198498358,66,dice_plus_rho_30,0.5048407772183604,hippocampus_014,83,794,1.4142135623730951,0.8199295965339832,1,4333,3622,0.8232216238975525,0.9300970873786408,0.9902912621359223,943,0.88975487115022,0.1
0.8790523690773068,20,baseline,0.6276413535779553,hippocampus_015,117,847,1.4142135623730951,0.8050632911392405,1,3549,2819,0.788217306137085,0.8719655442443226,0.9925606891151135,984,0.8486180904522613,0.02
0.9020957147325618,0,dice_only,0.5621549552608547,hippocampus_015,83,760,1.4142135623730951,0.8300192431045542,1,3496,2819,0.8005056381225586,0.8877991369164379,0.994899960768929,843,0.8665083135391924,0.02
0.9027213012198937,0,dice_plus_band,0.5604032958469932,hippocampus_015,82,757,1.4142135623730951,0.8305519897304237,1,3494,2819,0.8005889654159546,0.8881036513545347,0.9948959560266981,839,0.867099635672422,0.02
0.9027213012198937,0,dice_plus_rho_05,0.5604032958469932,hippocampus_015,82,757,1.4142135623730951,0.8305519897304237,1,3494,2819,0.8005894422531128,0.8881036513545347,0.9948959560266981,839,0.867099635672422,0.02
0.9027213012198937,0,dice_plus_rho_10,0.5604032958469932,hippocampus_015,82,757,1.4142135623730951,0.8305519897304237,1,3494,2819,0.8005897402763367,0.8881036513545347,0.9948959560266981,839,0.867099635672422,0.02
0.9030037546933667,0,dice_plus_rho_20,0.5599431043655627,hippocampus_015,82,756,1.4142135623730951,0.8305519897304237,1,3493,2819,0.8005889654159546,0.8884524744697565,0.9948939512961509,838,0.8672370088719898,0.02
0.9027213012198937,0,dice_plus_rho_30,0.5601158789614146,hippocampus_015,82,757,1.4142135623730951,0.8305519897304237,1,3494,2819,0.800585925579071,0.8884962701217118,0.9948959560266981,839,0.867099635672422,0.02
0.8790523690773068,20,baseline,0.6276413535779553,hippocampus_015,117,847,1.4142135623730951,0.8050632911392405,1,3549,2819,0.788217306137085,0.8719655442443226,0.9925606891151135,984,0.8486180904522613,0.05
0.9172695816294433,0,dice_only,0.505148213917775,hippocampus_015,64,679,1.4142135623730951,0.8438516590761224,1,3434,2819,0.8128131628036499,0.9066561638440331,0.9984245766049625,743,0.8811770350231889,0.05
0.9185790631876768,0,dice_plus_band,0.49947709456717276,hippocampus_015,61,672,1.4142135623730951,0.8455019556714471,1,3430,2819,0.8133289217948914,0.9094488188976378,0.9984251968503937,733,0.8827012321971516,0.05
0.9185790631876768,0,dice_plus_rho_05,0.49947709456717276,hippocampus_015,61,672,1.4142135623730951,0.8455019556714471,1,3430,2819,0.813335120677948,0.9094488188976378,0.9984251968503937,733,0.8827012321971516,0.05
0.9185790631876768,0,dice_plus_rho_10,0.49947709456717276,hippocampus_015,61,672,1.4142135623730951,0.8455019556714471,1,3430,2819,0.8133403658866882,0.9094488188976378,0.9984251968503937,733,0.8827012321971516,0.05
0.9185790631876768,0,dice_plus_rho_20,0.5008592165669957,hippocampus_015,61,673,1.4142135623730951,0.8452264581296839,1,3431,2819,0.8133475184440613,0.9090551181102362,0.9984251968503937,734,0.88256,0.05
0.9182389937106918,0,dice_plus_rho_30,0.501450338747605,hippocampus_015,62,673,1.4142135623730951,0.8452264581296839,1,3430,2819,0.8133420944213867,0.9090192989365892,0.9984245766049625,735,0.8823811809889582,0.05
0.8790523690773068,20,baseline,0.6276413535779553,hippocampus_015,117,847,1.4142135623730951,0.8050632911392405,1,3549,2819,0.788217306137085,0.8719655442443226,0.9925606891151135,984,0.8486180904522613,0.1
0.9289099526066351,0,dice_only,0.46016751464724104,hippocampus_015,52,612,1.4142135623730951,0.8552588196505111,1,3379,2819,0.8248004913330078,0.9209798498617148,0.9988146977479258,664,0.8928686673120362,0.1
0.931230283911672,0,dice_plus_band,0.4440667803066979,hippocampus_015,44,595,1.4142135623730951,0.8605498509440211,1,3370,2819,0.8259870409965515,0.9238658777120315,0.9988165680473373,639,0.896752302472128,0.1
0.931230283911672,0,dice_plus_rho_05,0.4454259226825095,hippocampus_015,44,596,1.4142135623730951,0.8602649006622517,1,3371,2819,0.8260030746459961,0.9238358326756116,0.9988161010260458,640,0.8966074313408724,0.1
0.931230283911672,0,dice_plus_rho_10,0.4464266718478063,hippocampus_015,44,597,1.4142135623730951,0.8599801390268124,1,3372,2819,0.8260173797607422,0.9238358326756116,0.9988161010260458,641,0.8964626070101761,0.1
0.9308930261912275,0,dice_plus_rho_20,0.44778728245651056,hippocampus_015,45,598,1.4142135623730951,0.8596955658504302,1,3372,2819,0.8260397911071777,0.9238057639163048,0.9988156336360048,643,0.8961395574220643,0.1
0.9309366130558183,0,dice_plus_rho_30,0.4491351756907677,hippocampus_015,44,600,1.4142135623730951,0.85941118094608,1,3375,2819,0.8260339498519897,0.9238057639163048,0.9988156336360048,644,0.8960284145947691,0.1
0.8762863023096272,57,baseline,0.6075055720932308,hippocampus_020,267,823,1.4142135623730951,0.8052863436123348,1,4167,3611,0.8042341470718384,0.8922314049586777,0.988099173553719,1147,0.8598611468243764,0.02
0.8957669549385525,30,dice_only,0.5481217385347429,hippocampus_020,217,746,1.4142135623730951,0.8316949657432231,1,4140,3611,0.8157649040222168,0.9055039787798409,0.9913793103448276,993,0.8757579667139724,0.02
0.8957194899817851,31,dice_plus_band,0.5462827853565743,hippocampus_020,216,744,1.4142135623730951,0.8320428826682549,1,4139,3611,0.8157944679260254,0.9055352999668544,0.9913821677162744,991,0.8761290322580645,0.02
0.8957194899817851,31,dice_plus_rho_05,0.5462827853565743,hippocampus_020,216,744,1.4142135623730951,0.8320428826682549,1,4139,3611,0.8157932162284851,0.9055352999668544,0.9913821677162744,991,0.8761290322580645,0.02
0.8957194899817851,31,dice_plus_rho_10,0.5454390866205384,hippocampus_020,215,744,1.4142135623730951,0.8323905924382257,1,4140,3611,0.815791130065918,0.9058979456593771,0.9913850231941683,990,0.8762740291575281,0.02
0.8955155929888459,31,dice_plus_rho_20,0.5458592155776063,hippocampus_020,215,744,1.4142135623730951,0.8326384752829065,1,4140,3611,0.8157846927642822,0.9062292909211398,0.9913850231941683,990,0.8762740291575281,0.02
0.8955155929888459,31,dice_plus_rho_30,0.5458592155776063,hippocampus_020,215,744,1.4142135623730951,0.8326384752829065,1,4140,3611,0.8157751560211182,0.9062292909211398,0.9913850231941683,990,0.8762740291575281,0.02
0.8762863023096272,57,baseline,0.6075055720932308,hippocampus_020,267,823,1.4142135623730951,0.8052863436123348,1,4167,3611,0.8042341470718384,0.8922314049586777,0.988099173553719,1147,0.8598611468243764,0.05
0.9141951550826353,6,dice_only,0.48630822266438395,hippocampus_020,175,669,1.4142135623730951,0.8554107305244013,1,4105,3611,0.8289507627487183,0.923305785123967,0.9930578512396694,850,0.8906168999481596,0.05
0.9159682899207248,6,dice_plus_band,0.48073148331219445,hippocampus_020,172,661,1.4142135623730951,0.8561893203883495,1,4100,3611,0.8293117880821228,0.9253139458030403,0.9930601454064772,839,0.8919725068084554,0.05
0.9157608695652174,6,dice_plus_rho_05,0.4813924218449109,hippocampus_020,172,662,1.4142135623730951,0.8561893203883495,1,4101,3611,0.8293101191520691,0.9253139458030403,0.9930601454064772,840,0.8918568464730291,0.05
0.9157608695652174,6,dice_plus_rho_10,0.4813924218449109,hippocampus_020,172,662,1.4142135623730951,0.8561893203883495,1,4101,3611,0.8293067812919617,0.9253139458030403,0.9930601454064772,840,0.8918568464730291,0.05
0.9155535431288204,6,dice_plus_rho_20,0.48359174921585263,hippocampus_020,172,664,1.4142135623730951,0.8559296329996967,1,4103,3611,0.8292949199676514,0.9259504132231405,0.9930578512396694,842,0.8916256157635468,0.05
0.9153846153846154,6,dice_plus_rho_30,0.4833938959897834,hippocampus_020,171,666,1.4142135623730951,0.8559296329996967,1,4106,3611,0.8292714953422546,0.9259748843357568,0.9933906146728354,843,0.8915381624983802,0.05
0.8762863023096272,57,baseline,0.6075055720932308,hippocampus_020,267,823,1.4142135623730951,0.8052863436123348,1,4167,3611,0.8042341470718384,0.8922314049586777,0.988099173553719,1147,0.8598611468243764,0.1
0.9230769230769231,0,dice_only,0.44405217572570016,hippocampus_020,162,603,1.4142135623730951,0.8691646191646192,1,4052,3611,0.8417301177978516,0.9330016583747927,0.9943615257048093,765,0.9001696463526034,0.1
0.9263636363636364,0,dice_plus_band,0.42520351382839633,hippocampus_020,156,578,1.4142135623730951,0.8736128236744759,1,4033,3611,0.8427948951721191,0.9353448275862069,0.9946949602122016,734,0.9039769754055468,0.1
0.9263636363636364,0,dice_plus_rho_05,0.42520351382839633,hippocampus_020,156,578,1.4142135623730951,0.8736128236744759,1,4033,3611,0.842799186706543,0.9353448275862069,0.9946949602122016,734,0.9039769754055468,0.1
0.9263636363636364,0,dice_plus_rho_10,0.4258666438018711,hippocampus_020,156,579,1.4142135623730951,0.8733436055469954,1,4034,3611,0.8428020477294922,0.9353448275862069,0.9946949602122016,735,0.9038587311968607,0.1
0.9263636363636364,0,dice_plus_rho_20,0.4267198533995503,hippocampus_020,156,581,1.4142135623730951,0.8728056667693256,1,4036,3611,0.8428031802177429,0.9353662578720583,0.9946967185946304,737,0.9036223355564273,0.1
0.9266075891842763,0,dice_plus_rho_30,0.4252413450962294,hippocampus_020,155,580,1.4142135623730951,0.8730745532963647,1,4036,3611,0.842780590057373,0.9367549668874172,0.9960264900662251,735,0.9038838760298156,0.1
0.8753233316088981,88,baseline,0.5341753288336645,hippocampus_023,192,746,1.4142135623730951,0.8347280334728033,1,4122,3568,0.8184676170349121,0.9232053422370617,0.996661101836394,1026,0.8780234070221067,0.02
0.8917861799217731,80,dice_only,0.4673270057260876,hippocampus_023,144,659,1.4142135623730951,0.8563941299790356,1,4083,3568,0.8288601636886597,0.9364548494983278,0.9966555183946488,883,0.895046399163508,0.02
0.8917861799217731,82,dice_plus_band,0.4637816166004537,hippocampus_023,142,655,1.4142135623730951,0.8568432092291557,1,4081,3568,0.8288881778717041,0.9374372699899632,0.9969889595182335,879,0.8958033729899333,0.02
0.8917861799217731,82,dice_plus_rho_05,0.4644507367075129,hippocampus_023,143,655,1.4142135623730951,0.8565434041437189,1,4080,3568,0.8288869261741638,0.9374372699899632,0.9969889595182335,880,0.8956589958158996,0.02
0.8915537017726799,82,dice_plus_rho_10,0.46511985681457213,hippocampus_023,143,656,1.4142135623730951,0.8565434041437189,1,4081,3568,0.8288852572441101,0.9374372699899632,0.9969889595182335,881,0.8955419009020787,0.02
0.8915537017726799,82,dice_plus_rho_20,0.46511985681457213,hippocampus_023,143,656,1.4142135623730951,0.8565434041437189,1,4081,3568,0.8288807272911072,0.9374372699899632,0.9969889595182335,881,0.8955419009020787,0.02
0.8915537017726799,82,dice_plus_rho_30,0.46511985681457213,hippocampus_023,143,656,1.4142135623730951,0.8565434041437189,1,4081,3568,0.8288745880126953,0.9374372699899632,0.9969889595182335,881,0.8955419009020787,0.02
0.8753233316088981,88,baseline,0.5341753288336645,hippocampus_023,192,746,1.4142135623730951,0.8347280334728033,1,4122,3568,0.8184676170349121,0.9232053422370617,0.996661101836394,1026,0.8780234070221067,0.05
0.9053519641444767,67,dice_only,0.4103451793470899,hippocampus_023,111,585,1.1449747468305456,0.8766046633481792,1,4042,3568,0.8408858776092529,0.9498997995991983,0.9976619906479626,763,0.9085413929040735,0.05
0.9063077329110584,67,dice_plus_band,0.4055909982772758,hippocampus_023,111,578,1.0,0.8772941793392763,1,4035,3568,0.8411561250686646,0.9505843071786311,0.9976627712854758,756,0.9093778771537551,0.05
0.9063077329110584,67,dice_plus_rho_05,0.406258777909997,hippocampus_023,111,579,1.0,0.8770642201834863,1,4036,3568,0.8411530256271362,0.9505843071786311,0.9976627712854758,757,0.9092582851130984,0.05
0.9063077329110584,67,dice_plus_rho_10,0.406258777909997,hippocampus_023,111,579,1.0,0.8770642201834863,1,4036,3568,0.8411487340927124,0.9505843071786311,0.9976627712854758,757,0.9092582851130984,0.05
0.9055907172995781,67,dice_plus_rho_20,0.40873247823662023,hippocampus_023,111,582,1.0,0.8770642201834863,1,4039,3568,0.8411364555358887,0.9505678022712091,0.9976619906479626,760,0.9088996976469041,0.05
0.9055907172995781,67,dice_plus_rho_30,0.40873247823662023,hippocampus_023,111,582,1.0,0.8770642201834863,1,4039,3568,0.8411160707473755,0.9505678022712091,0.9976619906479626,760,0.9088996976469041,0.05
0.8753233316088981,88,baseline,0.5341753288336645,hippocampus_023,192,746,1.4142135623730951,0.8347280334728033,1,4122,3568,0.8184676170349121,0.9232053422370617,0.996661101836394,1026,0.8780234070221067,0.1
0.9160021265284424,52,dice_only,0.36988583806525516,hippocampus_023,90,535,1.0,0.8918565069389892,1,4013,3568,0.8528854250907898,0.958041958041958,0.9983349983349983,677,0.9175570505210394,0.1
0.9180415114422565,53,dice_plus_band,0.36130686115818816,hippocampus_023,86,522,1.0,0.8935500786575773,1,4004,3568,0.8536406755447388,0.9600133288903698,0.9983338887037654,661,0.9197041732699419,0.1
0.9180415114422565,53,dice_plus_rho_05,0.36130686115818816,hippocampus_023,86,522,1.0,0.8935500786575773,1,4004,3568,0.8536393046379089,0.9600133288903698,0.9983338887037654,661,0.9197041732699419,0.1
0.9180415114422565,53,dice_plus_rho_10,0.36130686115818816,hippocampus_023,86,522,1.0,0.8935500786575773,1,4004,3568,0.8536362648010254,0.9600133288903698,0.9983338887037654,661,0.9197041732699419,0.1
0.9180415114422565,53,dice_plus_rho_20,0.3606524307854157,hippocampus_023,86,522,1.0,0.8935500786575773,1,4004,3568,0.8536241054534912,0.961038961038961,0.9983349983349983,661,0.9197041732699419,0.1
0.9175531914893617,53,dice_plus_rho_30,0.36198443211741704,hippocampus_023,86,524,1.0,0.8935500786575773,1,4006,3568,0.8535930514335632,0.961038961038961,0.9983349983349983,663,0.9194613150250858,0.1
0.8770702122696524,125,baseline,0.46571894299100913,hippocampus_024,237,590,1.0,0.866698982064954,1,4383,4030,0.8327891230583191,0.9734908974768445,0.998403066113063,952,0.9016997503863069,0.02
0.8945147679324894,103,dice_only,0.39090331033841436,hippocampus_024,177,510,1.0,0.892658105161134,1,4363,4030,0.8439507484436035,0.9817949536889172,0.9993612264452252,790,0.9181460741093769,0.02
0.8949343339587242,103,dice_plus_band,0.38898698967408984,hippocampus_024,177,506,1.0,0.893090909090909,1,4359,4030,0.8440250158309937,0.9817949536889172,0.9993612264452252,786,0.9185838598164263,0.02
0.8949343339587242,103,dice_plus_rho_05,0.38898698967408984,hippocampus_024,177,506,1.0,0.893090909090909,1,4359,4030,0.8440243005752563,0.9817949536889172,0.9993612264452252,786,0.9185838598164263,0.02
0.8949343339587242,103,dice_plus_rho_10,0.38898698967408984,hippocampus_024,177,506,1.0,0.893090909090909,1,4359,4030,0.8440232276916504,0.9817949536889172,0.9993612264452252,786,0.9185838598164263,0.02
0.8949343339587242,103,dice_plus_rho_20,0.38898698967408984,hippocampus_024,177,506,1.0,0.893090909090909,1,4359,4030,0.8440200686454773,0.9817949536889172,0.9993612264452252,786,0.9185838598164263,0.02
0.8947245017584994,103,dice_plus_rho_30,0.3896257632288647,hippocampus_024,177,507,1.0,0.893090909090909,1,4360,4030,0.8440146446228027,0.9817949536889172,0.9993612264452252,787,0.9184743742550655,0.02
0.8770702122696524,125,baseline,0.46571894299100913,hippocampus_024,237,590,1.0,0.866698982064954,1,4383,4030,0.8327891230583191,0.9734908974768445,0.998403066113063,952,0.9016997503863069,0.05
0.9089622641509434,91,dice_only,0.3401923451357347,hippocampus_024,146,442,1.0,0.9067055393586005,1,4326,4030,0.8555639982223511,0.9853175869773381,0.999361634216406,679,0.9296314025849689,0.05
0.9100778852962002,91,dice_plus_band,0.33432292124264146,hippocampus_024,143,433,1.0,0.9083394116216873,1,4320,4030,0.8560152053833008,0.9869135014363231,0.999361634216406,667,0.9310179640718563,0.05
0.9100778852962002,91,dice_plus_rho_05,0.33432292124264146,hippocampus_024,143,433,1.0,0.9083394116216873,1,4320,4030,0.8560103178024292,0.9869135014363231,0.999361634216406,667,0.9310179640718563,0.05
0.9100778852962002,91,dice_plus_rho_10,0.33432292124264146,hippocampus_024,143,433,1.0,0.9083394116216873,1,4320,4030,0.8560041189193726,0.9869135014363231,0.999361634216406,667,0.9310179640718563,0.05
0.9098631429919773,91,dice_plus_rho_20,0.33496128702623545,hippocampus_024,143,434,1.0,0.9083394116216873,1,4321,4030,0.8559872508049011,0.9869135014363231,0.999361634216406,668,0.9309064782660759,0.05
0.9098631429919773,91,dice_plus_rho_30,0.33559965280982945,hippocampus_024,144,434,1.0,0.9080739299610895,1,4320,4030,0.8559584021568298,0.9869135014363231,0.999361634216406,669,0.9307784431137724,0.05
0.8770702122696524,125,baseline,0.46571894299100913,hippocampus_024,237,590,1.0,0.866698982064954,1,4383,4030,0.8327891230583191,0.9734908974768445,0.998403066113063,952,0.9016997503863069,0.1
0.9183045228510538,85,dice_only,0.2955031966839985,hippocampus_024,124,378,1.0,0.9200684429234905,1,4284,4030,0.8666960597038269,0.9916959437879271,0.9993612264452252,587,0.9396199182102478,0.1
0.9191751599905191,85,dice_plus_band,0.28660514001837883,hippocampus_024,118,368,1.0,0.9230017110730873,1,4280,4030,0.8677520155906677,0.9917038927887684,0.9993618379068283,571,0.9415162454873646,0.1
0.9191751599905191,85,dice_plus_rho_05,0.28660514001837883,hippocampus_024,119,368,1.0,0.9227383863080685,1,4279,4030,0.8677398562431335,0.9917038927887684,0.9993618379068283,572,0.9413888554579372,0.1
0.9191751599905191,85,dice_plus_rho_10,0.28724330211155047,hippocampus_024,119,369,1.0,0.9225128330481545,1,4280,4030,0.8677250742912292,0.9917038927887684,0.9993618379068283,573,0.9412755716004814,0.1
0.9192134565268893,85,dice_plus_rho_20,0.2877690633860776,hippocampus_024,118,371,1.0,0.9222873900293255,1,4283,4030,0.8676862716674805,0.9923444976076555,0.9996810207336523,574,0.9411764705882353,0.1
0.9187781198200331,85,dice_plus_rho_30,0.29032089751685913,hippocampus_024,119,374,1.0,0.9217986314760508,1,4285,4030,0.8676209449768066,0.9923444976076555,0.9996810207336523,578,0.9407095610342754,0.1
0.8979077388454751,61,baseline,0.5165921037780318,hippocampus_025,113,733,1.4142135623730951,0.8296520423600605,1,3946,3326,0.8140901327133179,0.9111666072065644,0.995718872636461,907,0.8836633663366337,0.02
0.913230457880091,53,dice_only,0.4357330027925079,hippocampus_025,72,633,1.4142135623730951,0.8564417177914111,1,3887,3326,0.8246141672134399,0.9285206258890469,0.9975106685633002,758,0.9022598086787744,0.02
0.91378002528445,53,dice_plus_band,0.43451162596961684,hippocampus_025,70,633,1.4142135623730951,0.8564417177914111,1,3889,3326,0.8246674537658691,0.9285460362602204,0.9975115535015997,756,0.9025641025641026,0.02
0.91378002528445,53,dice_plus_rho_05,0.43451162596961684,hippocampus_025,70,633,1.4142135623730951,0.8564417177914111,1,3889,3326,0.8246663808822632,0.9285460362602204,0.9975115535015997,756,0.9025641025641026,0.02
0.91378002528445,53,dice_plus_rho_10,0.43451162596961684,hippocampus_025,70,633,1.4142135623730951,0.8564417177914111,1,3889,3326,0.8246647715568542,0.9285460362602204,0.9975115535015997,756,0.9025641025641026,0.02
0.91350531107739,53,dice_plus_rho_20,0.4350217652391651,hippocampus_025,71,633,1.4142135623730951,0.8564417177914111,1,3888,3326,0.8246604800224304,0.9285206258890469,0.9975106685633002,757,0.902411976711949,0.02
0.91350531107739,53,dice_plus_rho_30,0.4346734223728777,hippocampus_025,71,632,1.4142135623730951,0.8567045105860693,1,3887,3326,0.8246541023254395,0.9288509427250089,0.9975097829953753,756,0.9025370858172743,0.02
0.8979077388454751,61,baseline,0.5165921037780318,hippocampus_025,113,733,1.4142135623730951,0.8296520423600605,1,3946,3326,0.8140901327133179,0.9111666072065644,0.995718872636461,907,0.8836633663366337,0.05
0.9231549581536901,44,dice_only,0.3833451205070974,hippocampus_025,52,562,1.4142135623730951,0.8760484622553588,1,3836,3326,0.8362771272659302,0.93672236046925,0.9982225382154284,658,0.914269757051103,0.05
0.9240538481076962,45,dice_plus_band,0.37656553703064627,hippocampus_025,51,554,1.4142135623730951,0.8769422001243008,1,3829,3326,0.8366226553916931,0.9367673179396092,0.9982238010657194,650,0.9154437456324249,0.05
0.9240538481076962,45,dice_plus_rho_05,0.37656553703064627,hippocampus_025,51,554,1.4142135623730951,0.8769422001243008,1,3829,3326,0.8366206884384155,0.9367673179396092,0.9982238010657194,650,0.9154437456324249,0.05
0.9240538481076962,45,dice_plus_rho_10,0.37656553703064627,hippocampus_025,51,554,1.4142135623730951,0.8769422001243008,1,3829,3326,0.8366177082061768,0.9367673179396092,0.9982238010657194,650,0.9154437456324249,0.05
0.9242886178861789,45,dice_plus_rho_20,0.37641839189303594,hippocampus_025,51,553,1.4142135623730951,0.8769422001243008,1,3828,3326,0.836608350276947,0.9371225577264654,0.9982238010657194,649,0.915571708135309,0.05
0.9242886178861789,45,dice_plus_rho_30,0.37641839189303594,hippocampus_025,51,553,1.4142135623730951,0.8769422001243008,1,3828,3326,0.8365899920463562,0.9371225577264654,0.9982238010657194,649,0.915571708135309,0.05
0.8979077388454751,61,baseline,0.5165921037780318,hippocampus_025,113,733,1.4142135623730951,0.8296520423600605,1,3946,3326,0.8140901327133179,0.9111666072065644,0.995718872636461,907,0.8836633663366337,0.1
0.9351310099211396,35,dice_only,0.33794186674375526,hippocampus_025,34,498,1.4142135623730951,0.8910518053375196,1,3790,3326,0.8481148481369019,0.9426229508196722,0.9985744832501782,567,0.925238898257448,0.1
0.9363543788187373,35,dice_plus_band,0.3309249787114424,hippocampus_025,33,487,1.4142135623730951,0.8930144745122719,1,3780,3326,0.8488868474960327,0.9425615412058509,0.998572957545487,555,0.9268224036025894,0.1
0.9363543788187373,35,dice_plus_rho_05,0.3309249787114424,hippocampus_025,33,487,1.4142135623730951,0.8930144745122719,1,3780,3326,0.8488898277282715,0.9425615412058509,0.998572957545487,555,0.9268224036025894,0.1
0.9363543788187373,35,dice_plus_rho_10,0.3309249787114424,hippocampus_025,33,487,1.4142135623730951,0.8930144745122719,1,3780,3326,0.8488914370536804,0.9425615412058509,0.998572957545487,555,0.9268224036025894,0.1
0.9365928189457601,35,dice_plus_rho_20,0.33269098368726663,hippocampus_025,33,488,1.4142135623730951,0.8924528301886793,1,3781,3326,0.8488900065422058,0.9429183018194791,0.998572957545487,556,0.9266919938089208,0.1
0.9365928189457601,35,dice_plus_rho_30,0.33194542406987176,hippocampus_025,33,487,1.4142135623730951,0.8927335640138409,1,3780,3326,0.8488705158233643,0.9432750624331074,0.9989297181591152,555,0.9268224036025894,0.1
0.9077794951056156,8,baseline,0.4668882551181288,hippocampus_026,213,561,1.0,0.8839333691563676,1,3976,3628,0.837913453578949,0.9537004559803578,0.9950894423009471,782,0.898211467648606,0.02
0.9252336448598131,0,dice_only,0.39336764403088326,hippocampus_026,168,477,1.0,0.903851333153784,1,3937,3628,0.8484026193618774,0.966678358470712,0.9975447211504735,645,0.914738929279577,0.02
0.9254739028823682,0,dice_plus_band,0.39118608906286884,hippocampus_026,167,474,1.0,0.9046336206896551,1,3935,3628,0.8484980463981628,0.967391304347826,0.9975455820476858,641,0.915245273039799,0.02
0.9254739028823682,0,dice_plus_rho_05,0.39118608906286884,hippocampus_026,167,474,1.0,0.9046336206896551,1,3935,3628,0.8484970927238464,0.967391304347826,0.9975455820476858,641,0.915245273039799,0.02
0.9254739028823682,0,dice_plus_rho_10,0.39118608906286884,hippocampus_026,167,474,1.0,0.9046336206896551,1,3935,3628,0.8484954833984375,0.967391304347826,0.9975455820476858,641,0.915245273039799,0.02
0.9254739028823682,0,dice_plus_rho_20,0.39118608906286884,hippocampus_026,167,474,1.0,0.9046336206896551,1,3935,3628,0.8484906554222107,0.967391304347826,0.9975455820476858,641,0.915245273039799,0.02
0.9254739028823682,0,dice_plus_rho_30,0.39118608906286884,hippocampus_026,167,474,1.0,0.9046336206896551,1,3935,3628,0.8484822511672974,0.967391304347826,0.9975455820476858,641,0.915245273039799,0.02
0.9077794951056156,8,baseline,0.4668882551181288,hippocampus_026,213,561,1.0,0.8839333691563676,1,3976,3628,0.837913453578949,0.9537004559803578,0.9950894423009471,782,0.898211467648606,0.05
0.9371905134219443,0,dice_only,0.33494245031719455,hippocampus_026,138,408,1.0,0.9173217674166441,1,3898,3628,0.8591825366020203,0.9750964573833742,0.9978954752718344,546,0.9274515014615998,0.05
0.9376792698826597,0,dice_plus_band,0.33208011876913585,hippocampus_026,135,405,1.0,0.9184502844757518,1,3898,3628,0.8596639633178711,0.9758064516129032,0.9978962131837307,540,0.9282487377092745,0.05
0.9379238393322901,0,dice_plus_rho_05,0.33187867439272917,hippocampus_026,135,404,1.0,0.9184502844757518,1,3897,3628,0.8596603274345398,0.9768664563617245,0.9978969505783386,539,0.9283720930232559,0.05
0.9379238393322901,0,dice_plus_rho_10,0.33187867439272917,hippocampus_026,135,404,1.0,0.9184502844757518,1,3897,3628,0.8596553802490234,0.9768664563617245,0.9978969505783386,539,0.9283720930232559,0.05
0.9379238393322901,0,dice_plus_rho_20,0.33187867439272917,hippocampus_026,135,404,1.0,0.9184502844757518,1,3897,3628,0.8596415519714355,0.9768664563617245,0.9978969505783386,539,0.9283720930232559,0.05
0.9379238393322901,0,dice_plus_rho_30,0.33187867439272917,hippocampus_026,135,404,1.0,0.9184502844757518,1,3897,3628,0.8596163988113403,0.9768664563617245,0.9978969505783386,539,0.9283720930232559,0.05
0.9077794951056156,8,baseline,0.4668882551181288,hippocampus_026,213,561,1.0,0.8839333691563676,1,3976,3628,0.837913453578949,0.9537004559803578,0.9950894423009471,782,0.898211467648606,0.1
0.9457485654668754,0,dice_only,0.2925148938670765,hippocampus_026,116,360,1.0,0.9268957992362248,1,3872,3628,0.8693535327911377,0.9800629590766002,0.9982511367611053,476,0.9365333333333333,0.1
0.9483028720626632,0,dice_plus_band,0.2818275538716173,hippocampus_026,111,347,1.0,0.929000546149645,1,3864,3628,0.8704174757003784,0.9814685314685314,0.9986013986013986,458,0.9388681260010678,0.1
0.9483028720626632,0,dice_plus_rho_05,0.2818275538716173,hippocampus_026,111,347,1.0,0.929000546149645,1,3864,3628,0.8704155683517456,0.9814685314685314,0.9986013986013986,458,0.9388681260010678,0.1
0.9480553380318455,0,dice_plus_rho_10,0.282526854570918,hippocampus_026,111,348,1.0,0.929000546149645,1,3865,3628,0.8704133033752441,0.9814685314685314,0.9986013986013986,459,0.9387428266381956,0.1
0.9477806788511749,0,dice_plus_rho_20,0.281815895534144,hippocampus_026,111,348,1.0,0.9292929292929293,1,3865,3628,0.8704063296318054,0.9818181818181818,0.9993006993006993,459,0.9387428266381956,0.1
0.9477806788511749,0,dice_plus_rho_30,0.2816971474432105,hippocampus_026,110,349,1.0,0.9293315143246931,1,3867,3628,0.8703708052635193,0.9825235931492485,1.0,459,0.9387591727818546,0.1
0.9158730158730158,64,baseline,0.5276432495579341,hippocampus_034,59,768,1.4142135623730951,0.8268551236749117,1,4084,3375,0.8253299593925476,0.9129129129129129,0.9823573573573574,891,0.8891272288510524,0.02
0.9371035940803383,33,dice_only,0.4562667442519462,hippocampus_034,33,671,1.4142135623730951,0.8523862375138734,1,4013,3375,0.8365694880485535,0.9267094824329429,0.9860219115980355,737,0.9047103410936654,0.02
0.9373513084853291,34,dice_plus_band,0.4556338769393738,hippocampus_034,32,671,1.4142135623730951,0.8519134775374376,1,4014,3375,0.8365932703018188,0.9263873159682899,0.9856549641374104,737,0.9048585735552849,0.02
0.9373513084853291,34,dice_plus_rho_05,0.4556338769393738,hippocampus_034,32,671,1.4142135623730951,0.8519134775374376,1,4014,3375,0.8365929126739502,0.9263873159682899,0.9856549641374104,737,0.9048585735552849,0.02
0.9373513084853291,34,dice_plus_rho_10,0.4549615075660504,hippocampus_034,32,670,1.4142135623730951,0.8521497919556172,1,4013,3375,0.8365923166275024,0.926737160120846,0.9860271903323263,736,0.904981050351922,0.02
0.9373513084853291,34,dice_plus_rho_20,0.4545442772725665,hippocampus_034,32,669,1.4142135623730951,0.8523862375138734,1,4012,3375,0.8365901708602905,0.927519818799547,0.986409966024915,735,0.9051035603086504,0.02
0.9373513084853291,34,dice_plus_rho_30,0.4545442772725665,hippocampus_034,32,669,1.4142135623730951,0.8523862375138734,1,4012,3375,0.8365868330001831,0.927519818799547,0.986409966024915,735,0.9051035603086504,0.02
0.9158730158730158,64,baseline,0.5276432495579341,hippocampus_034,59,768,1.4142135623730951,0.8268551236749117,1,4084,3375,0.8253299593925476,0.9129129129129129,0.9823573573573574,891,0.8891272288510524,0.05
0.9527579836368435,8,dice_only,0.3916503519466287,hippocampus_034,23,572,1.4142135623730951,0.8769230769230769,1,3924,3375,0.8491896986961365,0.9392328142802886,0.9901253323205469,603,0.9184819838334018,0.05
0.9547738693467337,9,dice_plus_band,0.3796411005605902,hippocampus_034,20,558,1.4142135623730951,0.8788138009694896,1,3913,3375,0.8495194911956787,0.9395896656534954,0.9901215805471124,587,0.9206915477497256,0.05
0.9547738693467337,9,dice_plus_rho_05,0.3794053123053871,hippocampus_034,20,557,1.4142135623730951,0.87906446092413,1,3912,3375,0.8495199084281921,0.9395667046750285,0.9901178259217027,586,0.9208178948812955,0.05
0.9547738693467337,9,dice_plus_rho_10,0.3804009789800431,hippocampus_034,21,558,1.4142135623730951,0.8784940102681118,1,3912,3375,0.8495196104049683,0.9395896656534954,0.9901215805471124,588,0.9205434335117332,0.05
0.9545214172395557,9,dice_plus_rho_20,0.38192073581894886,hippocampus_034,22,559,1.4142135623730951,0.8781740370898716,1,3912,3375,0.8495160937309265,0.9395896656534954,0.9901215805471124,590,0.920268972142171,0.05
0.9545214172395557,9,dice_plus_rho_30,0.38192073581894886,hippocampus_034,22,559,1.4142135623730951,0.8781740370898716,1,3912,3375,0.8495044708251953,0.9395896656534954,0.9901215805471124,590,0.920268972142171,0.05
0.9158730158730158,64,baseline,0.5276432495579341,hippocampus_034,59,768,1.4142135623730951,0.8268551236749117,1,4084,3375,0.8253299593925476,0.9129129129129129,0.9823573573573574,891,0.8891272288510524,0.1
0.9629040805511394,1,dice_only,0.3441247009908435,hippocampus_034,15,507,1.4142135623730951,0.889273356401384,1,3867,3375,0.8610956072807312,0.944359756097561,0.9923780487804879,523,0.927920463960232,0.1
0.9652427699655081,1,dice_plus_band,0.3303813960352017,hippocampus_034,13,490,1.4142135623730951,0.891844997108155,1,3852,3375,0.8620055913925171,0.9447619047619048,0.9923809523809524,504,0.9303998893039989,0.1
0.9652427699655081,1,dice_plus_rho_05,0.3303813960352017,hippocampus_034,13,490,1.4142135623730951,0.891844997108155,1,3852,3375,0.8620107173919678,0.9447619047619048,0.9923809523809524,504,0.9303998893039989,0.1
0.9652427699655081,1,dice_plus_rho_10,0.3289688909553254,hippocampus_034,13,489,1.4142135623730951,0.8921029794619613,1,3851,3375,0.862014651298523,0.9451846212409593,0.9923867529501332,503,0.9305286465541102,0.1
0.9652427699655081,1,dice_plus_rho_20,0.3303204365423893,hippocampus_034,13,490,1.4142135623730951,0.891844997108155,1,3852,3375,0.8620175123214722,0.9451846212409593,0.9927674153026266,504,0.9303998893039989,0.1
0.9652427699655081,1,dice_plus_rho_30,0.3303204365423893,hippocampus_034,13,489,1.4142135623730951,0.8921029794619613,1,3851,3375,0.86199951171875,0.9451846212409593,0.9927674153026266,503,0.9305286465541102,0.1
0.9143306261461881,0,baseline,0.43398915059669557,hippocampus_036,152,548,1.0,0.8963024742841257,1,3905,3509,0.8422955870628357,0.9672897196261683,1.0,700,0.9055840302131103,0.02
0.9318901795142556,0,dice_only,0.36043983388841305,hippocampus_036,111,451,1.0,0.9148459383753501,1,3849,3509,0.8525127172470093,0.9776576576576577,1.0,562,0.9236205490622452,0.02
0.9321720770651887,0,dice_plus_band,0.359949761902142,hippocampus_036,110,451,1.0,0.9148459383753501,1,3850,3509,0.8525859713554382,0.9776657060518732,1.0,561,0.9237668161434978,0.02
0.9321720770651887,0,dice_plus_rho_05,0.359949761902142,hippocampus_036,110,451,1.0,0.9148459383753501,1,3850,3509,0.8525850176811218,0.9776657060518732,1.0,561,0.9237668161434978,0.02
0.9321720770651887,0,dice_plus_rho_10,0.359949761902142,hippocampus_036,110,451,1.0,0.9148459383753501,1,3850,3509,0.8525838851928711,0.9776657060518732,1.0,561,0.9237668161434978,0.02
0.9321720770651887,0,dice_plus_rho_20,0.359949761902142,hippocampus_036,110,451,1.0,0.9148459383753501,1,3850,3509,0.8525805473327637,0.9776657060518732,1.0,561,0.9237668161434978,0.02
0.9321720770651887,0,dice_plus_rho_30,0.359949761902142,hippocampus_036,110,451,1.0,0.9148459383753501,1,3850,3509,0.8525755405426025,0.9776657060518732,1.0,561,0.9237668161434978,0.02
0.9143306261461881,0,baseline,0.43398915059669557,hippocampus_036,152,548,1.0,0.8963024742841257,1,3905,3509,0.8422955870628357,0.9672897196261683,1.0,700,0.9055840302131103,0.05
0.9437252311756935,0,dice_only,0.29850458795124735,hippocampus_036,76,382,1.0,0.9307714043515117,1,3815,3509,0.8637617826461792,0.9877873563218391,1.0,458,0.9374658656471874,0.05
0.9458102035421623,0,dice_plus_band,0.2898414167797222,hippocampus_036,73,372,1.0,0.9320882852292021,1,3808,3509,0.8641548156738281,0.9885098743267504,1.0,445,0.939182725160585,0.05
0.9455602536997886,0,dice_plus_rho_05,0.2905595496343003,hippocampus_036,73,373,1.0,0.9320882852292021,1,3809,3509,0.864149272441864,0.9885098743267504,1.0,446,0.9390543864443837,0.05
0.9455602536997886,0,dice_plus_rho_10,0.2905595496343003,hippocampus_036,73,373,1.0,0.9320882852292021,1,3809,3509,0.864142656326294,0.9885098743267504,1.0,446,0.9390543864443837,0.05
0.9453104359313078,0,dice_plus_rho_20,0.2912776824888784,hippocampus_036,73,374,1.0,0.9320882852292021,1,3810,3509,0.8641258478164673,0.9885098743267504,1.0,447,0.9389260827981964,0.05
0.9447528416600581,0,dice_plus_rho_30,0.2924598943001172,hippocampus_036,75,374,1.0,0.9320882852292021,1,3808,3509,0.8640992045402527,0.9885057471264368,1.0,449,0.938636053027197,0.05
0.9143306261461881,0,baseline,0.43398915059669557,hippocampus_036,152,548,1.0,0.8963024742841257,1,3905,3509,0.8422955870628357,0.9672897196261683,1.0,700,0.9055840302131103,0.1
0.9522799575821845,0,dice_only,0.25286080529504407,hippocampus_036,62,324,1.0,0.9412770809578107,1,3771,3509,0.8744299411773682,0.9906709723717259,1.0,386,0.9469780219780219,0.1
0.9538706256627784,0,dice_plus_band,0.24271661794442811,hippocampus_036,58,311,1.0,0.9442697913689626,1,3762,3509,0.8752927780151367,0.9906609195402298,1.0,369,0.949250446981158,0.1
0.9538706256627784,0,dice_plus_rho_05,0.24343500874902582,hippocampus_036,59,311,1.0,0.9439679817038308,1,3761,3509,0.8752816915512085,0.9906609195402298,1.0,370,0.9491059147180193,0.1
0.9535932113497746,0,dice_plus_rho_10,0.24442479869202435,hippocampus_036,60,312,1.0,0.9436981994855673,1,3761,3509,0.8752683997154236,0.9906642728904848,1.0,372,0.9488308115543329,0.1
0.9535932113497746,0,dice_plus_rho_20,0.24442479869202435,hippocampus_036,60,312,1.0,0.9436981994855673,1,3761,3509,0.8752346038818359,0.9906642728904848,1.0,372,0.9488308115543329,0.1
0.9535932113497746,0,dice_plus_rho_30,0.24442479869202435,hippocampus_036,60,312,1.0,0.9436981994855673,1,3761,3509,0.875179648399353,0.9906642728904848,1.0,372,0.9488308115543329,0.1
0.8768058838980824,10,baseline,0.6189927468295392,hippocampus_038,331,700,1.4142135623730951,0.8417618270799347,1,3927,3558,0.8184795379638672,0.9276685393258427,0.9978932584269663,1041,0.8622578490313961,0.02
0.8960799789529071,0,dice_only,0.5414069503229061,hippocampus_038,262,624,1.4142135623730951,0.8664672287190645,1,3920,3558,0.8296599388122559,0.940225035161744,0.9982419127988749,886,0.8815191227600963,0.02
0.8960799789529071,0,dice_plus_band,0.5407126143543098,hippocampus_038,262,622,1.4142135623730951,0.866938775510204,1,3918,3558,0.8297721147537231,0.9416315049226441,0.9982419127988749,884,0.8817549491706795,0.02
0.8960799789529071,0,dice_plus_rho_05,0.5407126143543098,hippocampus_038,262,622,1.4142135623730951,0.866938775510204,1,3918,3558,0.8297716975212097,0.9416315049226441,0.9982419127988749,884,0.8817549491706795,0.02
0.8960799789529071,0,dice_plus_rho_10,0.5407126143543098,hippocampus_038,262,622,1.4142135623730951,0.866938775510204,1,3918,3558,0.8297709226608276,0.9416315049226441,0.9982419127988749,884,0.8817549491706795,0.02
0.8960799789529071,0,dice_plus_rho_20,0.5407126143543098,hippocampus_038,262,622,1.4142135623730951,0.866938775510204,1,3918,3558,0.8297683000564575,0.9416315049226441,0.9982419127988749,884,0.8817549491706795,0.02
0.8960799789529071,0,dice_plus_rho_30,0.5407126143543098,hippocampus_038,262,622,1.4142135623730951,0.866938775510204,1,3918,3558,0.829762876033783,0.9416315049226441,0.9982419127988749,884,0.8817549491706795,0.02
0.8768058838980824,10,baseline,0.6189927468295392,hippocampus_038,331,700,1.4142135623730951,0.8417618270799347,1,3927,3558,0.8184795379638672,0.9276685393258427,0.9978932584269663,1041,0.8622578490313961,0.05
0.9076029567053854,0,dice_only,0.4957804158203546,hippocampus_038,233,560,1.0,0.878796169630643,1,3885,3558,0.8409790992736816,0.9551870148200423,0.9992942836979535,793,0.8934569394061534,0.05
0.9085623678646935,0,dice_plus_band,0.4898317918145308,hippocampus_038,229,554,1.0,0.8805031446540881,1,3883,3558,0.8415859937667847,0.9569968276348255,0.9992950299612267,783,0.8947722080365542,0.05
0.9085623678646935,0,dice_plus_rho_05,0.4898317918145308,hippocampus_038,229,554,1.0,0.8805031446540881,1,3883,3558,0.8415840864181519,0.9569968276348255,0.9992950299612267,783,0.8947722080365542,0.05
0.9085623678646935,0,dice_plus_rho_10,0.4898317918145308,hippocampus_038,229,554,1.0,0.8805031446540881,1,3883,3558,0.8415806293487549,0.9569968276348255,0.9992950299612267,783,0.8947722080365542,0.05
0.9085623678646935,0,dice_plus_rho_20,0.48939377958784086,hippocampus_038,229,553,1.0,0.8807439824945296,1,3882,3558,0.8415693044662476,0.9580542826929855,0.9992950299612267,782,0.8948924731182796,0.05
0.9085623678646935,0,dice_plus_rho_30,0.48939377958784086,hippocampus_038,229,553,1.0,0.8807439824945296,1,3882,3558,0.8415428996086121,0.9580542826929855,0.9992950299612267,782,0.8948924731182796,0.05
0.8768058838980824,10,baseline,0.6189927468295392,hippocampus_038,331,700,1.4142135623730951,0.8417618270799347,1,3927,3558,0.8184795379638672,0.9276685393258427,0.9978932584269663,1041,0.8622578490313961,0.1
0.9182156133828996,0,dice_only,0.4409057639815687,hippocampus_038,198,503,1.0,0.8924760601915185,1,3863,3558,0.8519394397735596,0.9651408450704225,0.9992957746478873,701,0.9055383371513274,0.1
0.9204244031830239,0,dice_plus_band,0.42848633221157006,hippocampus_038,184,497,1.0,0.8958731893960098,1,3871,3558,0.8533501029014587,0.9655172413793104,0.9992962702322308,681,0.9083322116031768,0.1
0.9204244031830239,0,dice_plus_rho_05,0.42848633221157006,hippocampus_038,184,497,1.0,0.8958731893960098,1,3871,3558,0.8533417582511902,0.9655172413793104,0.9992962702322308,681,0.9083322116031768,0.1
0.9201379676306712,0,dice_plus_rho_10,0.42919006197933923,hippocampus_038,185,497,1.0,0.8958731893960098,1,3870,3558,0.8533298373222351,0.9655172413793104,0.9992962702322308,682,0.9081852450188476,0.1
0.9198513800424628,0,dice_plus_rho_20,0.4298937917471084,hippocampus_038,186,497,1.0,0.8958731893960098,1,3869,3558,0.8532945513725281,0.9655172413793104,0.9992962702322308,683,0.90803823885822,0.1
0.9198513800424628,0,dice_plus_rho_30,0.43021174518934013,hippocampus_038,187,496,1.0,0.8958162428219852,1,3867,3558,0.8532239198684692,0.9662209711470795,0.9992962702322308,683,0.908013468013468,0.1
0.9123910939012585,34,baseline,0.42471987738398104,hippocampus_039,155,581,1.0,0.8775623268698061,1,4084,3658,0.8367927074432373,0.9585131098572851,0.9946896780617325,770,0.9049341255489538,0.02
0.9293662312530238,13,dice_only,0.3645110424066676,hippocampus_039,125,497,1.0,0.8998311761395611,1,4030,3658,0.8478171825408936,0.9625793518209155,0.994988306047444,635,0.9190946930280958,0.02
0.9295910960561335,14,dice_plus_band,0.3634917568050745,hippocampus_039,124,495,1.0,0.8998311761395611,1,4029,3658,0.8478824496269226,0.9629010695187166,0.9949866310160428,633,0.9194744373617796,0.02
0.9295910960561335,14,dice_plus_rho_05,0.3634917568050745,hippocampus_039,124,495,1.0,0.8998311761395611,1,4029,3658,0.847881019115448,0.9629010695187166,0.9949866310160428,633,0.9194744373617796,0.02
0.9298500241896468,13,dice_plus_rho_10,0.3634917568050745,hippocampus_039,124,495,1.0,0.9000844356881509,1,4029,3658,0.84787917137146,0.9629010695187166,0.9949866310160428,632,0.9194744373617796,0.02
0.9296251511487303,13,dice_plus_rho_20,0.36370442243928597,hippocampus_039,124,496,1.0,0.9000844356881509,1,4030,3658,0.8478742837905884,0.9629134647510859,0.994988306047444,633,0.9193548387096774,0.02
0.9296251511487303,13,dice_plus_rho_30,0.36370442243928597,hippocampus_039,124,496,1.0,0.9000844356881509,1,4030,3658,0.8478670120239258,0.9629134647510859,0.994988306047444,633,0.9193548387096774,0.02
0.9123910939012585,34,baseline,0.42471987738398104,hippocampus_039,155,581,1.0,0.8775623268698061,1,4084,3658,0.8367927074432373,0.9585131098572851,0.9946896780617325,770,0.9049341255489538,0.05
0.9421167352869945,4,dice_only,0.31253644335654046,hippocampus_039,102,425,1.0,0.9156695156695157,1,3981,3658,0.8593785762786865,0.96882333221589,0.9956419711699631,531,0.9310119125539992,0.05
0.9435698716396221,4,dice_plus_band,0.30589801978201514,hippocampus_039,99,415,1.0,0.9174992863260063,1,3974,3658,0.8597692847251892,0.9691378731969138,0.9956390472995639,518,0.9326519916142557,0.05
0.9435698716396221,4,dice_plus_rho_05,0.305759068570216,hippocampus_039,99,414,1.0,0.9177612792689891,1,3973,3658,0.859764575958252,0.9694733310969473,0.9956390472995639,517,0.932774210457345,0.05
0.9435698716396221,4,dice_plus_rho_10,0.305759068570216,hippocampus_039,99,414,1.0,0.9177612792689891,1,3973,3658,0.8597586154937744,0.9694733310969473,0.9956390472995639,517,0.932774210457345,0.05
0.9435698716396221,4,dice_plus_rho_20,0.305759068570216,hippocampus_039,99,414,1.0,0.9177612792689891,1,3973,3658,0.8597425222396851,0.9694733310969473,0.9956390472995639,517,0.932774210457345,0.05
0.9435698716396221,4,dice_plus_rho_30,0.3064299843702831,hippocampus_039,99,415,1.0,0.9174992863260063,1,3974,3658,0.8597157001495361,0.9694733310969473,0.9956390472995639,518,0.9326519916142557,0.05
0.9123910939012585,34,baseline,0.42471987738398104,hippocampus_039,155,581,1.0,0.8775623268698061,1,4084,3658,0.8367927074432373,0.9585131098572851,0.9946896780617325,770,0.9049341255489538,0.1
0.9522192578219743,0,dice_only,0.2697134912143355,hippocampus_039,86,368,1.0,0.9260431654676259,1,3940,3658,0.8703035116195679,0.9704994971505196,0.9973181361045927,454,0.9402474335351408,0.1
0.9541373453045378,0,dice_plus_band,0.26054503087692354,hippocampus_039,81,358,1.0,0.9279953917050692,1,3935,3658,0.8711884021759033,0.9711892797319933,0.997319932998325,439,0.9421835901488212,0.1
0.9541373453045378,0,dice_plus_rho_05,0.26054503087692354,hippocampus_039,81,358,1.0,0.9279953917050692,1,3935,3658,0.8711814880371094,0.9711892797319933,0.997319932998325,439,0.9421835901488212,0.1
0.9539058709364386,0,dice_plus_rho_10,0.2612150476273423,hippocampus_039,81,359,1.0,0.9279953917050692,1,3936,3658,0.8711723685264587,0.9711892797319933,0.997319932998325,440,0.9420595206742165,0.1
0.9541595925297114,0,dice_plus_rho_20,0.26174629936524074,hippocampus_039,81,360,1.0,0.9274193548387096,1,3937,3658,0.8711475133895874,0.9715242881072027,0.997319932998325,441,0.9419354838709677,0.1
0.9541595925297114,0,dice_plus_rho_30,0.26174629936524074,hippocampus_039,81,360,1.0,0.9274193548387096,1,3937,3658,0.8711012601852417,0.9715242881072027,0.997319932998325,441,0.9419354838709677,0.1
0.903305377405032,0,baseline,0.5143872756080934,hippocampus_040,93,781,1.0,0.8632236095346197,1,4133,3445,0.828300952911377,0.9568296795952782,0.9979763912310287,874,0.8846661388229085,0.02
0.9202087994034303,0,dice_only,0.44498077152376764,hippocampus_040,65,673,1.0,0.88,1,4053,3445,0.8389551639556885,0.9681247880637505,0.9993218040013564,738,0.9015737530008002,0.02
0.9206665008704302,0,dice_plus_band,0.4420787975656685,hippocampus_040,65,668,1.0,0.8807603686635944,1,4048,3445,0.8390425443649292,0.9681139755766621,0.9993215739484396,733,0.9021753636727613,0.02
0.9206665008704302,0,dice_plus_rho_05,0.4420787975656685,hippocampus_040,65,668,1.0,0.8807603686635944,1,4048,3445,0.8390418887138367,0.9681139755766621,0.9993215739484396,733,0.9021753636727613,0.02
0.9206665008704302,0,dice_plus_rho_10,0.4420787975656685,hippocampus_040,65,668,1.0,0.8807603686635944,1,4048,3445,0.8390409350395203,0.9681139755766621,0.9993215739484396,733,0.9021753636727613,0.02
0.9206665008704302,0,dice_plus_rho_20,0.4422679875291932,hippocampus_040,65,669,1.0,0.8805067664843075,1,4049,3445,0.8390383124351501,0.9681247880637505,0.9993218040013564,734,0.9020549773151855,0.02
0.9204375932371954,0,dice_plus_rho_30,0.44280572453754413,hippocampus_040,65,669,1.0,0.8807603686635944,1,4049,3445,0.8390337228775024,0.9684638860630722,0.9993218040013564,734,0.9020549773151855,0.02
0.903305377405032,0,baseline,0.5143872756080934,hippocampus_040,93,781,1.0,0.8632236095346197,1,4133,3445,0.828300952911377,0.9568296795952782,0.9979763912310287,874,0.8846661388229085,0.05
0.9311033449825262,0,dice_only,0.3896280595478267,hippocampus_040,45,592,1.0,0.894782862139318,1,3992,3445,0.8501521348953247,0.9761904761904762,0.9996598639455783,637,0.9143471830038994,0.05
0.9330334832583708,0,dice_plus_band,0.3829343098215405,hippocampus_040,43,582,1.0,0.8958272541581558,1,3984,3445,0.8505872488021851,0.9771876064010896,0.9996595165134491,625,0.9158702382554853,0.05
0.9328003997002249,0,dice_plus_rho_05,0.38361527679464225,hippocampus_040,43,583,1.0,0.8958272541581558,1,3985,3445,0.8505839109420776,0.9771876064010896,0.9996595165134491,626,0.9157469717362046,0.05
0.9328003997002249,0,dice_plus_rho_10,0.38361527679464225,hippocampus_040,43,583,1.0,0.8958272541581558,1,3985,3445,0.8505795001983643,0.9771876064010896,0.9996595165134491,626,0.9157469717362046,0.05
0.9328003997002249,0,dice_plus_rho_20,0.38361527679464225,hippocampus_040,43,583,1.0,0.8958272541581558,1,3985,3445,0.850567102432251,0.9771876064010896,0.9996595165134491,626,0.9157469717362046,0.05
0.9325337331334332,0,dice_plus_rho_30,0.3830693642074121,hippocampus_040,44,582,1.0,0.8960887332165791,1,3983,3445,0.8505442142486572,0.9789187351241074,0.999659979598776,626,0.9157242864835756,0.05
0.903305377405032,0,baseline,0.5143872756080934,hippocampus_040,93,781,1.0,0.8632236095346197,1,4133,3445,0.828300952911377,0.9568296795952782,0.9979763912310287,874,0.8846661388229085,0.1
0.9424189087251698,0,dice_only,0.3407653816946021,hippocampus_040,36,516,1.0,0.9048040082522841,1,3925,3445,0.8610069155693054,0.9826116604159564,0.9996590521650187,552,0.925101763907734,0.1
0.9438993710691824,0,dice_plus_band,0.3306239437450221,hippocampus_040,33,504,1.0,0.9072652096869462,1,3916,3445,0.8619711399078369,0.9829584185412407,0.9996591683708248,537,0.9270479554408368,0.1
0.9438993710691824,0,dice_plus_rho_05,0.3306239437450221,hippocampus_040,33,504,1.0,0.9072652096869462,1,3916,3445,0.86196368932724,0.9829584185412407,0.9996591683708248,537,0.9270479554408368,0.1
0.9438993710691824,0,dice_plus_rho_10,0.3306239437450221,hippocampus_040,33,504,1.0,0.9072652096869462,1,3916,3445,0.8619540929794312,0.9829584185412407,0.9996591683708248,537,0.9270479554408368,0.1
0.9436336185203825,0,dice_plus_rho_20,0.3311338220102127,hippocampus_040,34,503,1.0,0.9075332348596751,1,3914,3445,0.8619272708892822,0.9829584185412407,1.0,537,0.9270281288218508,0.1
0.9436336185203825,0,dice_plus_rho_30,0.3316197591450919,hippocampus_040,34,503,1.0,0.9075332348596751,1,3914,3445,0.8618770837783813,0.9839863713798978,1.0,537,0.9270281288218508,0.1
0.8409337676438654,0,baseline,0.7261878095421702,hippocampus_041,507,788,1.4142135623730951,0.8280378365268009,1,4044,3763,0.8074867129325867,0.8677629325111339,0.9811579307982186,1295,0.8341232227488151,0.02
0.8534858387799564,0,dice_only,0.6539740885927102,hippocampus_041,445,705,1.4142135623730951,0.8512396694214877,1,4023,3763,0.8174559473991394,0.8901515151515151,0.9851928374655647,1150,0.8522989982019008,0.02
0.8534858387799564,0,dice_plus_band,0.6534683237891563,hippocampus_041,444,706,1.4142135623730951,0.8513119533527697,1,4025,3763,0.8175166845321655,0.8901515151515151,0.9851928374655647,1150,0.852336928608115,0.02
0.8534858387799564,0,dice_plus_rho_05,0.6534683237891563,hippocampus_041,444,706,1.4142135623730951,0.8513119533527697,1,4025,3763,0.8175164461135864,0.8901515151515151,0.9851928374655647,1150,0.852336928608115,0.02
0.8534858387799564,0,dice_plus_rho_10,0.6534683237891563,hippocampus_041,444,706,1.4142135623730951,0.8513119533527697,1,4025,3763,0.8175158500671387,0.8901515151515151,0.9851928374655647,1150,0.852336928608115,0.02
0.8537183328793244,0,dice_plus_rho_20,0.6530504421175197,hippocampus_041,444,704,1.4142135623730951,0.8515188335358445,1,4023,3763,0.8175134062767029,0.8912220309810671,0.985197934595525,1148,0.8525558695093758,0.02
0.8537183328793244,0,dice_plus_rho_30,0.6530504421175197,hippocampus_041,444,704,1.4142135623730951,0.8515188335358445,1,4023,3763,0.8175093531608582,0.8912220309810671,0.985197934595525,1148,0.8525558695093758,0.02
0.8409337676438654,0,baseline,0.7261878095421702,hippocampus_041,507,788,1.4142135623730951,0.8280378365268009,1,4044,3763,0.8074867129325867,0.8677629325111339,0.9811579307982186,1295,0.8341232227488151,0.05
0.8643929058663029,0,dice_only,0.592055454788782,hippocampus_041,403,631,1.4142135623730951,0.8686720469552458,1,3991,3763,0.8284515738487244,0.9119475138121547,0.988950276243094,1034,0.86664947124065,0.05
0.8654843110504775,0,dice_plus_band,0.5889659187515014,hippocampus_041,398,630,1.4142135623730951,0.8692890300513071,1,3995,3763,0.8289873003959656,0.9117241379310345,0.9872413793103448,1028,0.8674916215519464,0.05
0.8652482269503546,0,dice_plus_rho_05,0.5893217398600984,hippocampus_041,399,630,1.4142135623730951,0.8692251283304816,1,3994,3763,0.8289863467216492,0.9120689655172414,0.9875862068965517,1029,0.8673456233079799,0.05
0.8652482269503546,0,dice_plus_rho_10,0.5893217398600984,hippocampus_041,399,630,1.4142135623730951,0.8692251283304816,1,3994,3763,0.8289841413497925,0.9120689655172414,0.9875862068965517,1029,0.8673456233079799,0.05
0.8650122716116717,0,dice_plus_rho_20,0.5900113950325122,hippocampus_041,399,631,1.4142135623730951,0.8692251283304816,1,3995,3763,0.8289750814437866,0.9120689655172414,0.9875862068965517,1030,0.8672338231502965,0.05
0.8649386084583902,0,dice_plus_rho_30,0.5904176521307444,hippocampus_041,400,630,1.4142135623730951,0.8692251283304816,1,3993,3763,0.828952968120575,0.9120689655172414,0.9879310344827587,1030,0.867199587416194,0.05
0.8409337676438654,0,baseline,0.7261878095421702,hippocampus_041,507,788,1.4142135623730951,0.8280378365268009,1,4044,3763,0.8074867129325867,0.8677629325111339,0.9811579307982186,1295,0.8341232227488151,0.1
0.8736323851203501,0,dice_only,0.5421423756286908,hippocampus_041,363,577,1.4142135623730951,0.8829578844270323,1,3977,3763,0.8394536375999451,0.9220644267405611,0.9927260131624523,940,0.8785529715762274,0.1
0.8766073871409029,0,dice_plus_band,0.5290430028258019,hippocampus_041,351,566,1.4142135623730951,0.8859520313264807,1,3978,3763,0.8409608602523804,0.9248875043267567,0.9923849082727587,917,0.8815398527322051,0.1
0.8766073871409029,0,dice_plus_rho_05,0.5295919077886356,hippocampus_041,352,565,1.4142135623730951,0.885896180215475,1,3976,3763,0.8409576416015625,0.9252336448598131,0.9923849082727587,917,0.8815092389197571,0.1
0.8766073871409029,0,dice_plus_rho_10,0.5295919077886356,hippocampus_041,352,565,1.4142135623730951,0.885896180215475,1,3976,3763,0.8409513235092163,0.9252336448598131,0.9923849082727587,917,0.8815092389197571,0.1
0.8766073871409029,0,dice_plus_rho_20,0.5308330938175823,hippocampus_041,353,565,1.4142135623730951,0.8856233161890766,1,3975,3763,0.8409276008605957,0.9255797853928696,0.9923849082727587,918,0.8813646937193074,0.1
0.8765398302764851,0,dice_plus_rho_30,0.5337165275740748,hippocampus_041,355,566,1.4142135623730951,0.8849167482859941,1,3974,3763,0.8408674597740173,0.927360774818402,0.9923901764095469,921,0.8809616130283056,0.1
0.874356333676622,21,baseline,0.6180453355158029,hippocampus_042,364,778,1.4142135623730951,0.8352272727272727,1,4261,3847,0.8213459849357605,0.8916500994035785,0.9903909874088801,1163,0.8591514553527381,0.02
0.8969634051388529,2,dice_only,0.544786243462462,hippocampus_042,299,692,1.4142135623730951,0.8587623996221068,1,4240,3847,0.8327729105949402,0.9080919080919081,0.9936729936729937,993,0.8774576480771609,0.02
0.8972496107939802,2,dice_plus_band,0.5413056094454515,hippocampus_042,296,690,1.4142135623730951,0.8597071327350023,1,4241,3847,0.8328453898429871,0.909181636726547,0.9936793080505656,988,0.8780909990108803,0.02
0.8972496107939802,2,dice_plus_rho_05,0.5418185231257994,hippocampus_042,297,690,1.4142135623730951,0.8594377510040161,1,4240,3847,0.8328450918197632,0.9091514143094842,0.9936772046589019,989,0.8779522690738222,0.02
0.8972496107939802,2,dice_plus_rho_10,0.5418185231257994,hippocampus_042,297,690,1.4142135623730951,0.8594377510040161,1,4240,3847,0.8328444361686707,0.9091514143094842,0.9936772046589019,989,0.8779522690738222,0.02
0.8972496107939802,2,dice_plus_rho_20,0.5418185231257994,hippocampus_042,297,690,1.4142135623730951,0.8594377510040161,1,4240,3847,0.8328418731689453,0.9091514143094842,0.9936772046589019,989,0.8779522690738222,0.02
0.8972496107939802,2,dice_plus_rho_30,0.5424840805301254,hippocampus_042,297,691,1.4142135623730951,0.8592347661785545,1,4241,3847,0.8328373432159424,0.9091514143094842,0.9936772046589019,990,0.8778437190900099,0.02
0.874356333676622,21,baseline,0.6180453355158029,hippocampus_042,364,778,1.4142135623730951,0.8352272727272727,1,4261,3847,0.8213459849357605,0.8916500994035785,0.9903909874088801,1163,0.8591514553527381,0.05
0.9120622568093385,0,dice_only,0.4829308000568423,hippocampus_042,245,633,1.4142135623730951,0.8724863969718476,1,4235,3847,0.8449519872665405,0.9215164615896242,0.9946790821416694,878,0.8913635238802277,0.05
0.9131449312937516,0,dice_plus_band,0.4790466030178756,hippocampus_042,239,632,1.4142135623730951,0.8732860520094563,1,4240,3847,0.8454668521881104,0.9225913621262458,0.9946843853820598,871,0.8922962779770002,0.05
0.9131449312937516,0,dice_plus_rho_05,0.4790466030178756,hippocampus_042,239,632,1.4142135623730951,0.8732860520094563,1,4240,3847,0.8454668521881104,0.9225913621262458,0.9946843853820598,871,0.8922962779770002,0.05
0.9128630705394191,0,dice_plus_rho_10,0.4789791001425727,hippocampus_042,240,631,1.4142135623730951,0.8734925514305982,1,4238,3847,0.8454656600952148,0.9232303090727817,0.994682618810236,871,0.892269635126778,0.05
0.9128630705394191,0,dice_plus_rho_20,0.4789791001425727,hippocampus_042,240,631,1.4142135623730951,0.8734925514305982,1,4238,3847,0.8454591631889343,0.9232303090727817,0.994682618810236,871,0.892269635126778,0.05
0.9128630705394191,0,dice_plus_rho_30,0.4789791001425727,hippocampus_042,240,631,1.4142135623730951,0.8734925514305982,1,4238,3847,0.8454400300979614,0.9232303090727817,0.994682618810236,871,0.892269635126778,0.05
0.874356333676622,21,baseline,0.6180453355158029,hippocampus_042,364,778,1.4142135623730951,0.8352272727272727,1,4261,3847,0.8213459849357605,0.8916500994035785,0.9903909874088801,1163,0.8591514553527381,0.1
0.9207174421627242,0,dice_only,0.4344055003552677,hippocampus_042,204,582,1.4142135623730951,0.8861538461538462,1,4225,3847,0.8564014434814453,0.9300932090545939,0.9973368841544608,786,0.9026263627353815,0.1
0.9233168702885365,0,dice_plus_band,0.42283382973700745,hippocampus_042,193,572,1.4142135623730951,0.8887837198296261,1,4226,3847,0.8576207160949707,0.9320453031312458,0.9973351099267155,765,0.9052396878483835,0.1
0.923836755913699,0,dice_plus_rho_05,0.42220814180312644,hippocampus_042,192,571,1.4142135623730951,0.8887837198296261,1,4226,3847,0.8576215505599976,0.9330446369087275,0.9973351099267155,763,0.9054874272265576,0.1
0.923836755913699,0,dice_plus_rho_10,0.42220814180312644,hippocampus_042,192,571,1.4142135623730951,0.8887837198296261,1,4226,3847,0.8576194643974304,0.9330446369087275,0.9973351099267155,763,0.9054874272265576,0.1
0.923836755913699,0,dice_plus_rho_20,0.42220814180312644,hippocampus_042,192,571,1.4142135623730951,0.8887837198296261,1,4226,3847,0.8576058745384216,0.9330446369087275,0.9973351099267155,763,0.9054874272265576,0.1
0.9233567160301377,0,dice_plus_rho_30,0.4224549361286992,hippocampus_042,190,573,1.4142135623730951,0.8893093661305582,1,4230,3847,0.8575603365898132,0.933422103861518,0.9973368841544608,763,0.9055342330073047,0.1
0.8820179007323027,148,baseline,0.5011895591388481,hippocampus_044,74,729,1.4142135623730951,0.8051643192488263,1,3875,3220,0.8086084127426147,0.9364548494983278,0.9884801189149015,951,0.8868217054263566,0.02
0.9083885209713024,106,dice_only,0.43227629538588364,hippocampus_044,49,631,1.4142135623730951,0.835197174808711,1,3802,3220,0.8201200366020203,0.9465020576131687,0.9902731013842125,786,0.9031614924522928,0.02
0.9084895259095921,108,dice_plus_band,0.4287488921340565,hippocampus_044,47,629,1.4142135623730951,0.8350029463759576,1,3802,3220,0.8201226592063904,0.9465220643231115,0.9902767389678384,784,0.9037311307319852,0.02
0.9084895259095921,108,dice_plus_rho_05,0.4287488921340565,hippocampus_044,47,629,1.4142135623730951,0.8350029463759576,1,3802,3220,0.8201225996017456,0.9465220643231115,0.9902767389678384,784,0.9037311307319852,0.02
0.9084895259095921,108,dice_plus_rho_10,0.4287488921340565,hippocampus_044,47,629,1.4142135623730951,0.8350029463759576,1,3802,3220,0.820122241973877,0.9465220643231115,0.9902767389678384,784,0.9037311307319852,0.02
0.9084895259095921,108,dice_plus_rho_20,0.4287488921340565,hippocampus_044,47,629,1.4142135623730951,0.8350029463759576,1,3802,3220,0.8201214671134949,0.9465220643231115,0.9902767389678384,784,0.9037311307319852,0.02
0.9084895259095921,108,dice_plus_rho_30,0.4287488921340565,hippocampus_044,47,629,1.4142135623730951,0.8350029463759576,1,3802,3220,0.8201205134391785,0.9465220643231115,0.9902767389678384,784,0.9037311307319852,0.02
0.8820179007323027,148,baseline,0.5011895591388481,hippocampus_044,74,729,1.4142135623730951,0.8051643192488263,1,3875,3220,0.8086084127426147,0.9364548494983278,0.9884801189149015,951,0.8868217054263566,0.05
0.9245755635958809,84,dice_only,0.37303800352233135,hippocampus_044,34,549,1.0,0.8572278405710886,1,3735,3220,0.8325726389884949,0.9575825825825826,0.9936186186186187,667,0.9161754133716751,0.05
0.9250905040378724,85,dice_plus_band,0.3681408290728943,hippocampus_044,34,541,1.0,0.8581644815256257,1,3727,3220,0.8329188227653503,0.9579421704844161,0.9936162223056703,660,0.9172304591910178,0.05
0.9250905040378724,85,dice_plus_rho_05,0.3681408290728943,hippocampus_044,34,541,1.0,0.8581644815256257,1,3727,3220,0.8329169154167175,0.9579421704844161,0.9936162223056703,660,0.9172304591910178,0.05
0.9250905040378724,85,dice_plus_rho_10,0.36889186174281546,hippocampus_044,34,542,1.0,0.8579088471849866,1,3728,3220,0.8329139947891235,0.9579421704844161,0.9936162223056703,661,0.917098445595855,0.05
0.9248329621380846,85,dice_plus_rho_20,0.36952549401439266,hippocampus_044,34,542,1.0,0.8581644815256257,1,3728,3220,0.8329050540924072,0.9586776859504132,0.9936138241923366,661,0.917098445595855,0.05
0.9248329621380846,85,dice_plus_rho_30,0.36952549401439266,hippocampus_044,34,542,1.0,0.8581644815256257,1,3728,3220,0.8328878283500671,0.9586776859504132,0.9936138241923366,661,0.917098445595855,0.05
0.8820179007323027,148,baseline,0.5011895591388481,hippocampus_044,74,729,1.4142135623730951,0.8051643192488263,1,3875,3220,0.8086084127426147,0.9364548494983278,0.9884801189149015,951,0.8868217054263566,0.1
0.9320659770757618,78,dice_only,0.32987200484379925,hippocampus_044,27,491,1.0,0.870453862338443,1,3684,3220,0.843431830406189,0.9609022556390977,0.9943609022556391,596,0.9249710312862109,0.1
0.9340044742729307,78,dice_plus_band,0.31981514293818747,hippocampus_044,24,476,1.0,0.873341375150784,1,3672,3220,0.8443863391876221,0.9627679578789018,0.9943587814968033,578,0.9274521183981428,0.1
0.9340044742729307,78,dice_plus_rho_05,0.32056730540528033,hippocampus_044,24,477,1.0,0.8730780826047634,1,3673,3220,0.8443804979324341,0.9627679578789018,0.9943587814968033,579,0.9273175685478021,0.1
0.9340044742729307,78,dice_plus_rho_10,0.3199709208856764,hippocampus_044,24,476,1.0,0.873341375150784,1,3672,3220,0.8443724513053894,0.9631440391124483,0.9943587814968033,578,0.9274521183981428,0.1
0.9334079462786794,78,dice_plus_rho_20,0.32121996938864317,hippocampus_044,26,477,1.0,0.8730780826047634,1,3671,3220,0.8443489074707031,0.963130173062453,0.9943566591422122,581,0.9270062400232187,0.1
0.9331468531468532,78,dice_plus_rho_30,0.3227248602840532,hippocampus_044,26,479,1.0,0.8728149487643159,1,3673,3220,0.8443016409873962,0.963130173062453,0.9943566591422122,583,0.9267372696938924,0.1
0.8792792792792793,49,baseline,0.5367762132363949,hippocampus_045,106,733,1.4142135623730951,0.8322185061315496,1,3495,2868,0.8020851016044617,0.9240030097817908,0.9958615500376222,888,0.8681439572528682,0.02
0.8976608187134503,31,dice_only,0.47992591788458344,hippocampus_045,75,661,1.4142135623730951,0.8555493586168432,1,3454,2868,0.8137638568878174,0.9394053443733534,0.9973654497553632,767,0.8835811452072129,0.02
0.8979890310786106,31,dice_plus_band,0.47879682492259623,hippocampus_045,74,659,1.4142135623730951,0.8561070831009482,1,3453,2868,0.8138270378112793,0.9397817086940158,0.9973654497553632,764,0.8840373358645784,0.02
0.8979890310786106,31,dice_plus_rho_05,0.47844463488590555,hippocampus_045,74,658,1.4142135623730951,0.8563458856345886,1,3452,2868,0.8138275146484375,0.9401355421686747,0.9973644578313253,763,0.8841772151898735,0.02
0.8979890310786106,31,dice_plus_rho_10,0.47844463488590555,hippocampus_045,74,658,1.4142135623730951,0.8563458856345886,1,3452,2868,0.8138276934623718,0.9401355421686747,0.9973644578313253,763,0.8841772151898735,0.02
0.8979890310786106,31,dice_plus_rho_20,0.47844463488590555,hippocampus_045,74,658,1.4142135623730951,0.8563458856345886,1,3452,2868,0.8138270378112793,0.9401355421686747,0.9973644578313253,763,0.8841772151898735,0.02
0.8976608187134503,31,dice_plus_rho_30,0.47919764693409833,hippocampus_045,74,659,1.4142135623730951,0.8563458856345886,1,3453,2868,0.8138244152069092,0.9401355421686747,0.9973644578313253,764,0.8840373358645784,0.02
0.8792792792792793,49,baseline,0.5367762132363949,hippocampus_045,106,733,1.4142135623730951,0.8322185061315496,1,3495,2868,0.8020851016044617,0.9240030097817908,0.9958615500376222,888,0.8681439572528682,0.05
0.9133974833456698,21,dice_only,0.425353797787936,hippocampus_045,57,578,1.0,0.8753867791842476,1,3389,2868,0.825661838054657,0.9523989421987156,0.9977332829618436,656,0.898513664695541,0.05
0.914074074074074,21,dice_plus_band,0.4198145249462037,hippocampus_045,55,569,1.0,0.8777464788732394,1,3382,2868,0.8260664343833923,0.9535498489425982,0.9977341389728097,645,0.90016,0.05
0.9137356534616808,21,dice_plus_rho_05,0.4205698119552671,hippocampus_045,55,570,1.0,0.8777464788732394,1,3383,2868,0.8260679244995117,0.9535498489425982,0.9977341389728097,646,0.9000159974404095,0.05
0.9137356534616808,21,dice_plus_rho_10,0.4205698119552671,hippocampus_045,55,570,1.0,0.8777464788732394,1,3383,2868,0.8260684013366699,0.9535498489425982,0.9977341389728097,646,0.9000159974404095,0.05
0.9137356534616808,21,dice_plus_rho_20,0.4205698119552671,hippocampus_045,55,570,1.0,0.8777464788732394,1,3383,2868,0.8260657787322998,0.9535498489425982,0.9977341389728097,646,0.9000159974404095,0.05
0.9137356534616808,21,dice_plus_rho_30,0.42154354928559734,hippocampus_045,56,572,1.0,0.8769360743452549,1,3384,2868,0.8260525465011597,0.9535673839184597,0.9977349943374858,649,0.8995521433141395,0.05
0.8792792792792793,49,baseline,0.5367762132363949,hippocampus_045,106,733,1.4142135623730951,0.8322185061315496,1,3495,2868,0.8020851016044617,0.9240030097817908,0.9958615500376222,888,0.8681439572528682,0.1
0.9237668161434978,16,dice_only,0.3908522417279637,hippocampus_045,50,523,1.0,0.8864987262949335,1,3341,2868,0.8367502093315125,0.957970465732677,0.9981067777357062,589,0.9077146078273474,0.1
0.9255518144407033,16,dice_plus_band,0.3822733495471638,hippocampus_045,48,512,1.0,0.8885738588035157,1,3332,2868,0.8376630544662476,0.9598636879969709,0.9981067777357062,576,0.9096774193548387,0.1
0.9255518144407033,16,dice_plus_rho_05,0.3822733495471638,hippocampus_045,48,512,1.0,0.8885738588035157,1,3332,2868,0.8376626968383789,0.9598636879969709,0.9981067777357062,576,0.9096774193548387,0.1
0.9255518144407033,16,dice_plus_rho_10,0.3822733495471638,hippocampus_045,48,512,1.0,0.8885738588035157,1,3332,2868,0.8376601934432983,0.9598636879969709,0.9981067777357062,576,0.9096774193548387,0.1
0.9255518144407033,16,dice_plus_rho_20,0.3812333427856908,hippocampus_045,48,510,1.0,0.8890780141843971,1,3330,2868,0.8376481533050537,0.9613782658084059,0.998485422188565,574,0.9099709583736689,0.1
0.9251497005988024,16,dice_plus_rho_30,0.38167695235602545,hippocampus_045,49,509,1.0,0.8893303064699205,1,3328,2868,0.8376135230064392,0.9621355547141235,0.998485422188565,574,0.9099418979987088,0.1
0.9070041200706298,9,baseline,0.512643875301971,hippocampus_046,166,661,1.4142135623730951,0.8562890518880739,1,3787,3292,0.8231900930404663,0.940314510364546,0.9982130092923517,836,0.8831755897725667,0.02
0.9248075784487862,0,dice_only,0.4488020778663536,hippocampus_046,122,586,1.0,0.8762942779291553,1,3756,3292,0.8341035842895508,0.9535382416011436,0.9996426018584703,708,0.8995459704880817,0.02
0.9253996447602132,0,dice_plus_band,0.447372485300235,hippocampus_046,120,585,1.0,0.8766003813674748,1,3757,3292,0.8341749906539917,0.9535382416011436,0.9996426018584703,705,0.8999858135905803,0.02
0.9253996447602132,0,dice_plus_rho_05,0.447372485300235,hippocampus_046,120,585,1.0,0.8766003813674748,1,3757,3292,0.8341748118400574,0.9535382416011436,0.9996426018584703,705,0.8999858135905803,0.02
0.9253996447602132,0,dice_plus_rho_10,0.447372485300235,hippocampus_046,120,585,1.0,0.8766003813674748,1,3757,3292,0.8341743350028992,0.9535382416011436,0.9996426018584703,705,0.8999858135905803,0.02
0.9251257768570583,0,dice_plus_rho_20,0.4480872815832943,hippocampus_046,120,586,1.0,0.8766003813674748,1,3758,3292,0.8341721296310425,0.9535382416011436,0.9996426018584703,706,0.8998581560283688,0.02
0.9248075784487862,0,dice_plus_rho_30,0.4488020778663536,hippocampus_046,121,586,1.0,0.8766003813674748,1,3757,3292,0.8341671824455261,0.9535382416011436,0.9996426018584703,707,0.8997020854021847,0.02
0.9070041200706298,9,baseline,0.512643875301971,hippocampus_046,166,661,1.4142135623730951,0.8562890518880739,1,3787,3292,0.8231900930404663,0.940314510364546,0.9982130092923517,836,0.8831755897725667,0.05
0.9346016646848989,0,dice_only,0.40031884228322245,hippocampus_046,97,517,1.0,0.8917582417582418,1,3712,3292,0.8454269766807556,0.9619935460738616,0.9996414485478666,614,0.9123358081096516,0.05
0.9348795718108831,0,dice_plus_band,0.39602529925895275,hippocampus_046,96,510,1.0,0.89353507565337,1,3706,3292,0.8458541631698608,0.9634277518823952,0.9996414485478666,606,0.9134038296656187,0.05
0.9348795718108831,0,dice_plus_rho_05,0.39602529925895275,hippocampus_046,96,510,1.0,0.89353507565337,1,3706,3292,0.8458516001701355,0.9634277518823952,0.9996414485478666,606,0.9134038296656187,0.05
0.9348795718108831,0,dice_plus_rho_10,0.39674240216321954,hippocampus_046,96,511,1.0,0.8932893289328933,1,3707,3292,0.8458477854728699,0.9634277518823952,0.9996414485478666,607,0.9132733247606801,0.05
0.9348795718108831,0,dice_plus_rho_20,0.39674240216321954,hippocampus_046,96,511,1.0,0.8932893289328933,1,3707,3292,0.8458353877067566,0.9634277518823952,0.9996414485478666,607,0.9132733247606801,0.05
0.9348795718108831,0,dice_plus_rho_30,0.3974595050674863,hippocampus_046,96,512,1.0,0.8930437173494639,1,3708,3292,0.8458108305931091,0.9634277518823952,0.9996414485478666,608,0.9131428571428571,0.05
0.9070041200706298,9,baseline,0.512643875301971,hippocampus_046,166,661,1.4142135623730951,0.8562890518880739,1,3787,3292,0.8231900930404663,0.940314510364546,0.9982130092923517,836,0.8831755897725667,0.1
0.9418084153983886,0,dice_only,0.35876700846360177,hippocampus_046,81,463,1.0,0.9034578146611342,1,3674,3292,0.8560806512832642,0.9702402294729293,1.0,544,0.9219064025265575,0.1
0.9447925992241122,0,dice_plus_band,0.34978919711188095,hippocampus_046,76,453,1.0,0.9047091412742382,1,3669,3292,0.8570877313613892,0.9720229555236729,1.0,529,0.9240051716707369,0.1
0.9447925992241122,0,dice_plus_rho_05,0.34978919711188095,hippocampus_046,76,453,1.0,0.9047091412742382,1,3669,3292,0.8570825457572937,0.9720229555236729,1.0,529,0.9240051716707369,0.1
0.9447925992241122,0,dice_plus_rho_10,0.34978919711188095,hippocampus_046,76,453,1.0,0.9047091412742382,1,3669,3292,0.8570747375488281,0.9720229555236729,1.0,529,0.9240051716707369,0.1
0.9450746268656717,0,dice_plus_rho_20,0.3488596776123359,hippocampus_046,75,452,1.0,0.9050124619219053,1,3669,3292,0.8570511341094971,0.9731086410899964,1.0,527,0.9242924867116794,0.1
0.9450746268656717,0,dice_plus_rho_30,0.3488596776123359,hippocampus_046,75,452,1.0,0.9050124619219053,1,3669,3292,0.8570013046264648,0.9731086410899964,1.0,527,0.9242924867116794,0.1
0.9035484639199809,76,baseline,0.5513639589197034,hippocampus_048,95,822,1.4142135623730951,0.7838541666666666,1,3999,3272,0.8049948215484619,0.9034028540065862,0.986827661909989,993,0.8738825471049374,0.02
0.9208944457802356,55,dice_only,0.47717419775379555,hippocampus_048,65,720,1.4142135623730951,0.8138157894736842,1,3927,3272,0.8165782690048218,0.9188990825688074,0.9926605504587156,840,0.8909570773718573,0.02
0.9213753306083193,56,dice_plus_band,0.4745299670156742,hippocampus_048,64,717,1.4142135623730951,0.8136932192231732,1,3925,3272,0.8165740370750427,0.9200879765395894,0.9926686217008798,837,0.8914825621786856,0.02
0.9213753306083193,56,dice_plus_rho_05,0.4745299670156742,hippocampus_048,64,717,1.4142135623730951,0.8136932192231732,1,3925,3272,0.816573977470398,0.9200879765395894,0.9926686217008798,837,0.8914825621786856,0.02
0.9213753306083193,56,dice_plus_rho_10,0.4745299670156742,hippocampus_048,64,717,1.4142135623730951,0.8136932192231732,1,3925,3272,0.8165737390518188,0.9200879765395894,0.9926686217008798,837,0.8914825621786856,0.02
0.9213753306083193,56,dice_plus_rho_20,0.4745299670156742,hippocampus_048,64,717,1.4142135623730951,0.8136932192231732,1,3925,3272,0.8165726661682129,0.9200879765395894,0.9926686217008798,837,0.8914825621786856,0.02
0.9213753306083193,56,dice_plus_rho_30,0.4745299670156742,hippocampus_048,64,717,1.4142135623730951,0.8136932192231732,1,3925,3272,0.8165715932846069,0.9200879765395894,0.9926686217008798,837,0.8914825621786856,0.02
0.9035484639199809,76,baseline,0.5513639589197034,hippocampus_048,95,822,1.4142135623730951,0.7838541666666666,1,3999,3272,0.8049948215484619,0.9034028540065862,0.986827661909989,993,0.8738825471049374,0.05
0.9379108838568299,27,dice_only,0.41679934192016105,hippocampus_048,48,630,1.4142135623730951,0.8420006624710169,1,3854,3272,0.8302949666976929,0.9355432780847146,0.9955801104972376,705,0.9048554588829638,0.05
0.9372568093385214,32,dice_plus_band,0.413686020562178,hippocampus_048,46,626,1.4142135623730951,0.8413014608233732,1,3852,3272,0.8305710554122925,0.9359116022099447,0.9948434622467771,704,0.905670971364402,0.05
0.9372568093385214,32,dice_plus_rho_05,0.4144226688126384,hippocampus_048,46,627,1.4142135623730951,0.8410222369731165,1,3853,3272,0.8305718302726746,0.9359116022099447,0.9948434622467771,705,0.9055438596491228,0.05
0.9372568093385214,32,dice_plus_rho_10,0.41396739515610076,hippocampus_048,46,627,1.4142135623730951,0.8410222369731165,1,3853,3272,0.8305720090866089,0.936279926335175,0.9952117863720074,705,0.9055438596491228,0.05
0.937028932652565,32,dice_plus_rho_20,0.41428426747274066,hippocampus_048,46,627,1.4142135623730951,0.8413014608233732,1,3853,3272,0.8305696845054626,0.936279926335175,0.9955801104972376,705,0.9055438596491228,0.05
0.937028932652565,32,dice_plus_rho_30,0.4145356431027716,hippocampus_048,47,625,1.4142135623730951,0.8414755732801595,1,3850,3272,0.8305603265762329,0.9366249078850405,0.9955784819454679,704,0.9056444818871103,0.05
0.9035484639199809,76,baseline,0.5513639589197034,hippocampus_048,95,822,1.4142135623730951,0.7838541666666666,1,3999,3272,0.8049948215484619,0.9034028540065862,0.986827661909989,993,0.8738825471049374,0.1
0.9468267581475128,14,dice_only,0.37251304343060754,hippocampus_048,36,564,1.4142135623730951,0.8625877632898696,1,3800,3272,0.8437305688858032,0.9445676274944568,0.9985218033998522,614,0.915158371040724,0.1
0.9492024539877301,14,dice_plus_band,0.3597300216531249,hippocampus_048,34,543,1.4142135623730951,0.8663532572196104,1,3781,3272,0.8447006940841675,0.946607341490545,0.9985168705969596,591,0.9181908407769743,0.1
0.9487368162864852,14,dice_plus_rho_05,0.3602837672455655,hippocampus_048,34,544,1.4142135623730951,0.8666442727578099,1,3782,3272,0.844702959060669,0.9473684210526315,0.9985174203113417,592,0.9180606747944429,0.1
0.9487368162864852,14,dice_plus_rho_10,0.3597751402376592,hippocampus_048,34,543,1.4142135623730951,0.8669354838709677,1,3781,3272,0.8447031378746033,0.9477196885428254,0.9985168705969596,591,0.9181908407769743,0.1
0.9482462595045377,14,dice_plus_rho_20,0.3608874872899395,hippocampus_048,35,543,1.4142135623730951,0.8672268907563025,1,3780,3272,0.8446962833404541,0.9480904708935854,0.9985168705969596,592,0.9180374361883153,0.1
0.9484789008832188,14,dice_plus_rho_30,0.36105414082853676,hippocampus_048,35,543,1.4142135623730951,0.8669354838709677,1,3780,3272,0.8446651697158813,0.9481289366432012,0.9985179696183771,592,0.9180374361883153,0.1
0.8982342007434945,36,baseline,0.4637180941822894,hippocampus_050,143,671,1.0,0.8847143592382913,1,4359,3831,0.8267310857772827,0.9589356110381078,0.9983574244415243,850,0.9006105006105006,0.02
0.9134300421151147,29,dice_only,0.3890256023877156,hippocampus_050,97,574,1.0,0.9071151358344114,1,4308,3831,0.837721586227417,0.9663255199735886,0.9990095741168703,700,0.9175574394888807,0.02
0.9146198830409357,29,dice_plus_band,0.38431363784111566,hippocampus_050,93,569,1.0,0.908102511001812,1,4307,3831,0.8377863764762878,0.9676354029062088,0.9990092470277411,691,0.9186532317522733,0.02
0.9146198830409357,29,dice_plus_rho_05,0.38431363784111566,hippocampus_050,93,569,1.0,0.908102511001812,1,4307,3831,0.837786078453064,0.9676354029062088,0.9990092470277411,691,0.9186532317522733,0.02
0.9146198830409357,29,dice_plus_rho_10,0.38431363784111566,hippocampus_050,93,569,1.0,0.908102511001812,1,4307,3831,0.8377856016159058,0.9676354029062088,0.9990092470277411,691,0.9186532317522733,0.02
0.9144059869036483,29,dice_plus_rho_20,0.38563464180412754,hippocampus_050,93,571,1.0,0.9078674948240165,1,4309,3831,0.8377839922904968,0.9676354029062088,0.9990092470277411,693,0.9184275184275185,0.02
0.9141520467836257,29,dice_plus_rho_30,0.38629514378563345,hippocampus_050,94,571,1.0,0.9078674948240165,1,4308,3831,0.8377811312675476,0.9676354029062088,0.9990092470277411,694,0.9182946307900234,0.02
0.8982342007434945,36,baseline,0.4637180941822894,hippocampus_050,143,671,1.0,0.8847143592382913,1,4359,3831,0.8267310857772827,0.9589356110381078,0.9983574244415243,850,0.9006105006105006,0.05
0.930627654554035,26,dice_only,0.32079148356321546,hippocampus_050,69,474,1.0,0.9213893967093236,1,4236,3831,0.8499013781547546,0.9788569540799471,0.9993392798149984,569,0.9326887318705839,0.05
0.9317913618126032,26,dice_plus_band,0.3149162337796629,hippocampus_050,67,466,1.0,0.9225941422594143,1,4230,3831,0.8502641916275024,0.9791735537190083,0.9993388429752066,559,0.9338791713186949,0.05
0.9317913618126032,26,dice_plus_rho_05,0.31552980173785,hippocampus_050,67,466,1.0,0.9225941422594143,1,4230,3831,0.8502621650695801,0.979841374752148,0.9993390614672836,559,0.9338791713186949,0.05
0.9315391879131256,26,dice_plus_rho_10,0.31619074027056643,hippocampus_050,68,466,1.0,0.9225941422594143,1,4229,3831,0.8502591848373413,0.979841374752148,0.9993390614672836,560,0.9337468982630273,0.05
0.9313193297144206,26,dice_plus_rho_20,0.3168516788032829,hippocampus_050,68,467,1.0,0.9225941422594143,1,4230,3831,0.850250244140625,0.979841374752148,0.9993390614672836,561,0.9336310631435306,0.05
0.9313193297144206,26,dice_plus_rho_30,0.3181735558687158,hippocampus_050,68,469,1.0,0.9221118661787768,1,4232,3831,0.8502326011657715,0.979841374752148,0.9993390614672836,563,0.9333994791020712,0.05
0.8982342007434945,36,baseline,0.4637180941822894,hippocampus_050,143,671,1.0,0.8847143592382913,1,4359,3831,0.8267310857772827,0.9589356110381078,0.9983574244415243,850,0.9006105006105006,0.1
0.9404507710557533,25,dice_only,0.27522527841530703,hippocampus_050,54,405,1.0,0.9320695102685624,1,4182,3831,0.8624286651611328,0.9877442861874793,0.9996687644915535,484,0.9427180831149382,0.1
0.941846665084263,25,dice_plus_band,0.2676068617210374,hippocampus_050,52,393,1.0,0.9340369393139841,1,4172,3831,0.8632549047470093,0.9880755216959258,0.9996687644915535,470,0.9443958515556666,0.1
0.941846665084263,25,dice_plus_rho_05,0.2676068617210374,hippocampus_050,52,393,1.0,0.9340369393139841,1,4172,3831,0.8632473349571228,0.9880755216959258,0.9996687644915535,470,0.9443958515556666,0.1
0.9416231608922638,25,dice_plus_rho_10,0.26826933273793047,hippocampus_050,52,394,1.0,0.9340369393139841,1,4173,3831,0.8632375001907349,0.9880755216959258,0.9996687644915535,471,0.9442778610694653,0.1
0.9413997627520759,25,dice_plus_rho_20,0.26893180375482345,hippocampus_050,52,395,1.0,0.9340369393139841,1,4174,3831,0.8632106184959412,0.9880755216959258,0.9996687644915535,472,0.944159900062461,0.1
0.9413997627520759,25,dice_plus_rho_30,0.26959427477171644,hippocampus_050,52,396,1.0,0.933790556581377,1,4175,3831,0.8631624579429626,0.9880755216959258,0.9996687644915535,473,0.9440419685236073,0.1
0.8895558223289316,44,baseline,0.5438192779520669,hippocampus_051,82,815,1.4142135623730951,0.8295109146172976,1,3842,3109,0.8120559453964233,0.9160028964518465,0.9920347574221579,941,0.870953819594303,0.02
0.9074299634591961,31,dice_only,0.47329457984229123,hippocampus_051,58,703,1.4142135623730951,0.8549874266554903,1,3754,3109,0.8228148818016052,0.9294848374132262,0.9945195469492145,792,0.8891155471368206,0.02
0.9074863055386488,32,dice_plus_band,0.4712745851711809,hippocampus_051,57,700,1.4142135623730951,0.8553846153846154,1,3752,3109,0.8228632211685181,0.9298245614035088,0.9945175438596491,789,0.8896662294126221,0.02
0.9074863055386488,32,dice_plus_rho_05,0.4712745851711809,hippocampus_051,57,700,1.4142135623730951,0.8553846153846154,1,3752,3109,0.8228625655174255,0.9298245614035088,0.9945175438596491,789,0.8896662294126221,0.02
0.9074863055386488,32,dice_plus_rho_10,0.4712745851711809,hippocampus_051,57,700,1.4142135623730951,0.8553846153846154,1,3752,3109,0.8228615522384644,0.9298245614035088,0.9945175438596491,789,0.8896662294126221,0.02
0.9074863055386488,32,dice_plus_rho_20,0.47200557932322773,hippocampus_051,57,701,1.4142135623730951,0.8551454138702461,1,3753,3109,0.8228585720062256,0.9298245614035088,0.9945175438596491,790,0.8895365782570679,0.02
0.9071537290715372,32,dice_plus_rho_30,0.47268238033729126,hippocampus_051,58,700,1.4142135623730951,0.8553846153846154,1,3751,3109,0.8228540420532227,0.9294848374132262,0.9948849104859335,790,0.8895043731778426,0.02
0.8895558223289316,44,baseline,0.5438192779520669,hippocampus_051,82,815,1.4142135623730951,0.8295109146172976,1,3842,3109,0.8120559453964233,0.9160028964518465,0.9920347574221579,941,0.870953819594303,0.05
0.9207129686539643,20,dice_only,0.43294132780645994,hippocampus_051,47,628,1.4142135623730951,0.8710860366713681,1,3690,3109,0.8347014784812927,0.9421304828603022,0.9955768521931441,695,0.9007206942197382,0.05
0.9213275968039336,21,dice_plus_band,0.4236370002402531,hippocampus_051,44,618,1.4142135623730951,0.8733747880158281,1,3683,3109,0.8350919485092163,0.9432362698120162,0.9955768521931441,683,0.9025323910482921,0.05
0.9213275968039336,21,dice_plus_rho_05,0.4236370002402531,hippocampus_051,44,618,1.4142135623730951,0.8733747880158281,1,3683,3109,0.8350896239280701,0.9432362698120162,0.9955768521931441,683,0.9025323910482921,0.05
0.9213275968039336,21,dice_plus_rho_10,0.4236370002402531,hippocampus_051,44,618,1.4142135623730951,0.8733747880158281,1,3683,3109,0.8350862264633179,0.9432362698120162,0.9955768521931441,683,0.9025323910482921,0.05
0.9213275968039336,21,dice_plus_rho_20,0.4236370002402531,hippocampus_051,44,618,1.4142135623730951,0.8733747880158281,1,3683,3109,0.8350756168365479,0.9432362698120162,0.9955768521931441,683,0.9025323910482921,0.05
0.9213275968039336,21,dice_plus_rho_30,0.4243741915413957,hippocampus_051,44,619,1.4142135623730951,0.8731280022605256,1,3684,3109,0.8350550532341003,0.9432362698120162,0.9955768521931441,684,0.9023995289268365,0.05
0.8895558223289316,44,baseline,0.5438192779520669,hippocampus_051,82,815,1.4142135623730951,0.8295109146172976,1,3842,3109,0.8120559453964233,0.9160028964518465,0.9920347574221579,941,0.870953819594303,0.1
0.9318463444857497,17,dice_only,0.3875907375620388,hippocampus_051,36,563,1.4142135623730951,0.8825703724765425,1,3636,3109,0.846648097038269,0.9471153846153846,0.9959319526627219,616,0.9111934766493699,0.1
0.9348230912476723,18,dice_plus_band,0.36788454467526543,hippocampus_051,32,539,1.0,0.8866685697973166,1,3616,3109,0.8476775884628296,0.950480413895048,0.9963045084996305,589,0.915092936802974,0.1
0.9348230912476723,18,dice_plus_rho_05,0.3677314724053567,hippocampus_051,32,538,1.0,0.88692175899486,1,3615,3109,0.8476722240447998,0.950849963045085,0.9963045084996305,588,0.9152290303390839,0.1
0.9348230912476723,18,dice_plus_rho_10,0.3677314724053567,hippocampus_051,32,538,1.0,0.88692175899486,1,3615,3109,0.8476643562316895,0.950849963045085,0.9963045084996305,588,0.9152290303390839,0.1
0.9345330437480608,18,dice_plus_rho_20,0.3684705707054306,hippocampus_051,32,539,1.0,0.88692175899486,1,3616,3109,0.8476406931877136,0.950849963045085,0.9963045084996305,589,0.915092936802974,0.1
0.9345330437480608,18,dice_plus_rho_30,0.3686870475855588,hippocampus_051,33,538,1.0,0.8868571428571429,1,3614,3109,0.8475914001464844,0.9515890613451589,0.9963045084996305,589,0.915067678119887,0.1
0.9037372593431483,78,baseline,0.4410700697675353,hippocampus_053,129,589,1.0,0.8653555219364599,1,3979,3519,0.8353996276855469,0.9712280701754386,0.9989473684210526,796,0.9042411309682582,0.02
0.9282433983926521,48,dice_only,0.3619108363896682,hippocampus_053,84,492,1.0,0.8934881373043917,1,3927,3519,0.8467874526977539,0.9806269813314548,0.9996477632969355,624,0.9226430298146656,0.02
0.9285099052540913,49,dice_plus_band,0.3580164379661363,hippocampus_053,83,486,1.0,0.8943911066195048,1,3922,3519,0.8468222618103027,0.9809725158562368,0.9996476391825229,618,0.9235317833624512,0.02
0.9285099052540913,49,dice_plus_rho_05,0.3580164379661363,hippocampus_053,83,486,1.0,0.8943911066195048,1,3922,3519,0.8468217849731445,0.9809725158562368,0.9996476391825229,618,0.9235317833624512,0.02
0.9285099052540913,49,dice_plus_rho_10,0.3584951184166002,hippocampus_053,84,486,1.0,0.8941117007834218,1,3921,3519,0.8468214869499207,0.9809658089531195,0.9996475149806133,619,0.9233870967741935,0.02
0.9285099052540913,49,dice_plus_rho_20,0.3584951184166002,hippocampus_053,84,486,1.0,0.8941117007834218,1,3921,3519,0.8468201160430908,0.9809658089531195,0.9996475149806133,619,0.9233870967741935,0.02
0.9285099052540913,49,dice_plus_rho_30,0.3584951184166002,hippocampus_053,84,486,1.0,0.8941117007834218,1,3921,3519,0.8468181490898132,0.9809658089531195,0.9996475149806133,619,0.9233870967741935,0.02
0.9037372593431483,78,baseline,0.4410700697675353,hippocampus_053,129,589,1.0,0.8653555219364599,1,3979,3519,0.8353996276855469,0.9712280701754386,0.9989473684210526,796,0.9042411309682582,0.05
0.9420289855072463,36,dice_only,0.3053707856854469,hippocampus_053,62,417,1.0,0.910981486178037,1,3874,3519,0.8594924211502075,0.9858206309819213,1.0,515,0.9352089814689571,0.05
0.9423021165555233,36,dice_plus_band,0.30395284878363904,hippocampus_053,62,415,1.0,0.9112125824454591,1,3872,3519,0.8598490953445435,0.9858206309819213,1.0,513,0.9354620484372886,0.05
0.9423021165555233,36,dice_plus_rho_05,0.30395284878363904,hippocampus_053,62,415,1.0,0.9112125824454591,1,3872,3519,0.8598450422286987,0.9858206309819213,1.0,513,0.9354620484372886,0.05
0.9423021165555233,36,dice_plus_rho_10,0.30333886409467453,hippocampus_053,62,414,1.0,0.9114437959908652,1,3871,3519,0.8598400354385376,0.9865295994328253,1.0,512,0.9355886332882274,0.05
0.9423021165555233,36,dice_plus_rho_20,0.30333886409467453,hippocampus_053,62,414,1.0,0.9114437959908652,1,3871,3519,0.8598271608352661,0.9865295994328253,1.0,512,0.9355886332882274,0.05
0.9423021165555233,36,dice_plus_rho_30,0.30333886409467453,hippocampus_053,62,414,1.0,0.9114437959908652,1,3871,3519,0.8598057627677917,0.9865295994328253,1.0,512,0.9355886332882274,0.05
0.9037372593431483,78,baseline,0.4410700697675353,hippocampus_053,129,589,1.0,0.8653555219364599,1,3979,3519,0.8353996276855469,0.9712280701754386,0.9989473684210526,796,0.9042411309682582,0.1
0.9530201342281879,19,dice_only,0.2629366338590531,hippocampus_053,43,368,1.0,0.926829268292683,1,3844,3519,0.8716813921928406,0.988656504785537,1.0,430,0.9441803612657884,0.1
0.9527972027972028,22,dice_plus_band,0.2517172133002827,hippocampus_053,39,353,1.0,0.9301020408163265,1,3833,3519,0.8725612163543701,0.9904153354632588,1.0,414,0.9466811751904244,0.1
0.9527972027972028,22,dice_plus_rho_05,0.2517172133002827,hippocampus_053,39,353,1.0,0.9301020408163265,1,3833,3519,0.8725513815879822,0.9904153354632588,1.0,414,0.9466811751904244,0.1
0.9527972027972028,22,dice_plus_rho_10,0.2517172133002827,hippocampus_053,39,353,1.0,0.9301020408163265,1,3833,3519,0.8725394010543823,0.9904153354632588,1.0,414,0.9466811751904244,0.1
0.9533527696793003,21,dice_plus_rho_20,0.2525454848490146,hippocampus_053,39,354,1.0,0.9299005862860056,1,3834,3519,0.8725079298019409,0.9907735982966643,1.0,414,0.9465524275805793,0.1
0.9533527696793003,21,dice_plus_rho_30,0.25396493126491243,hippocampus_053,39,356,1.0,0.9294267515923567,1,3836,3519,0.8724546432495117,0.9907735982966643,1.0,416,0.9462950373895309,0.1
0.900047596382675,92,baseline,0.5382696856307161,hippocampus_056,99,777,1.4142135623730951,0.8376458650431253,1,4411,3733,0.79227614402771,0.9327195467422096,0.9872521246458924,968,0.8924361493123772,0.02
0.9159503342884432,87,dice_only,0.46907674712262576,hippocampus_056,61,685,1.4142135623730951,0.8544336237826755,1,4357,3733,0.803147554397583,0.9431212228937078,0.9886242445787415,833,0.9077873918417799,0.02
0.9164278892072588,87,dice_plus_band,0.46641717399273336,hippocampus_056,60,681,1.4142135623730951,0.8550910489869197,1,4354,3733,0.8032126426696777,0.9434364994663821,0.9886161508360014,828,0.9083714603684926,0.02
0.9164278892072588,87,dice_plus_rho_05,0.46641717399273336,hippocampus_056,60,681,1.4142135623730951,0.8550910489869197,1,4354,3733,0.8032126426696777,0.9434364994663821,0.9886161508360014,828,0.9083714603684926,0.02
0.9164278892072588,87,dice_plus_rho_10,0.46641717399273336,hippocampus_056,60,681,1.4142135623730951,0.8550910489869197,1,4354,3733,0.8032124042510986,0.9434364994663821,0.9886161508360014,828,0.9083714603684926,0.02
0.9164278892072588,87,dice_plus_rho_20,0.46641717399273336,hippocampus_056,60,681,1.4142135623730951,0.8550910489869197,1,4354,3733,0.8032114505767822,0.9434364994663821,0.9886161508360014,828,0.9083714603684926,0.02
0.9162091191215087,87,dice_plus_rho_30,0.46712866456548324,hippocampus_056,60,682,1.4142135623730951,0.8550910489869197,1,4355,3733,0.8032094240188599,0.9434364994663821,0.9886161508360014,829,0.9082591493570722,0.02
0.900047596382675,92,baseline,0.5382696856307161,hippocampus_056,99,777,1.4142135623730951,0.8376458650431253,1,4411,3733,0.79227614402771,0.9327195467422096,0.9872521246458924,968,0.8924361493123772,0.05
0.9294625719769674,87,dice_only,0.40012762648038946,hippocampus_056,39,584,1.0,0.8691126723913609,1,4278,3733,0.8153749704360962,0.954561717352415,0.9914132379248658,710,0.9222319310947448,0.05
0.9304222648752399,87,dice_plus_band,0.39381527275248557,hippocampus_056,36,575,1.0,0.870992963252541,1,4272,3733,0.8157161474227905,0.9563662374821174,0.9907010014306151,698,0.9236727045596502,0.05
0.9306455483561316,87,dice_plus_rho_05,0.39370159705677893,hippocampus_056,36,574,1.0,0.870992963252541,1,4271,3733,0.8157163858413696,0.9563662374821174,0.9907010014306151,697,0.9237881059470265,0.05
0.9306455483561316,87,dice_plus_rho_10,0.39370159705677893,hippocampus_056,36,574,1.0,0.870992963252541,1,4271,3733,0.8157157897949219,0.9563662374821174,0.9907010014306151,697,0.9237881059470265,0.05
0.9304222648752399,87,dice_plus_rho_20,0.39555358045623285,hippocampus_056,36,576,1.0,0.8707660239708181,1,4273,3733,0.8157126307487488,0.9563662374821174,0.9910586552217453,699,0.9235573320009992,0.05
0.9299424184261037,87,dice_plus_rho_30,0.3974840110753585,hippocampus_056,37,578,1.0,0.8705392029174264,1,4274,3733,0.8157016634941101,0.956350626118068,0.9910554561717353,702,0.9231922068190334,0.05
0.900047596382675,92,baseline,0.5382696856307161,hippocampus_056,99,777,1.4142135623730951,0.8376458650431253,1,4411,3733,0.79227614402771,0.9327195467422096,0.9872521246458924,968,0.8924361493123772,0.1
0.9380274897516276,84,dice_only,0.3466092415321968,hippocampus_056,30,503,1.0,0.8829113924050633,1,4206,3733,0.8292844295501709,0.9662719770362397,0.9924650161463939,617,0.9328630809925683,0.1
0.939898624185373,84,dice_plus_band,0.33620627758276184,hippocampus_056,27,487,1.0,0.8855405762622257,1,4193,3733,0.8299968242645264,0.9677187948350072,0.992467718794835,598,0.9351501387837496,0.1
0.939898624185373,84,dice_plus_rho_05,0.33620627758276184,hippocampus_056,27,487,1.0,0.8855405762622257,1,4193,3733,0.829998254776001,0.9677187948350072,0.992467718794835,598,0.9351501387837496,0.1
0.939898624185373,84,dice_plus_rho_10,0.33620627758276184,hippocampus_056,27,487,1.0,0.8855405762622257,1,4193,3733,0.8299983739852905,0.9677187948350072,0.992467718794835,598,0.9351501387837496,0.1
0.939898624185373,84,dice_plus_rho_20,0.33620627758276184,hippocampus_056,27,487,1.0,0.8855405762622257,1,4193,3733,0.829993486404419,0.9677187948350072,0.992467718794835,598,0.9351501387837496,0.1
0.939898624185373,84,dice_plus_rho_30,0.33620627758276184,hippocampus_056,27,487,1.0,0.8855405762622257,1,4193,3733,0.8299714922904968,0.9677187948350072,0.992467718794835,598,0.9351501387837496,0.1
0.8721040939384322,82,baseline,0.5895654671473334,hippocampus_057,52,878,1.4142135623730951,0.7854703508227259,1,3599,2773,0.7908821105957031,0.8793171893608575,0.982532751091703,1012,0.8540489642184558,0.02
0.8976940565118545,52,dice_only,0.5158695177729322,hippocampus_057,33,771,1.4142135623730951,0.8149765990639626,1,3511,2773,0.8024028539657593,0.896551724137931,0.9891740176423416,856,0.8720560152768937,0.02
0.8971113274910744,54,dice_plus_band,0.5138034243168129,hippocampus_057,33,767,1.4142135623730951,0.8152547671147233,1,3507,2773,0.8024229407310486,0.8981555733761026,0.9887730553327987,854,0.8726114649681529,0.02
0.8971113274910744,54,dice_plus_rho_05,0.5138034243168129,hippocampus_057,33,767,1.4142135623730951,0.8152547671147233,1,3507,2773,0.8024224638938904,0.8981555733761026,0.9887730553327987,854,0.8726114649681529,0.02
0.8971113274910744,54,dice_plus_rho_10,0.5138034243168129,hippocampus_057,33,767,1.4142135623730951,0.8152547671147233,1,3507,2773,0.8024216890335083,0.8981555733761026,0.9887730553327987,854,0.8726114649681529,0.02
0.8971113274910744,54,dice_plus_rho_20,0.5138034243168129,hippocampus_057,33,767,1.4142135623730951,0.8152547671147233,1,3507,2773,0.8024188876152039,0.8981555733761026,0.9887730553327987,854,0.8726114649681529,0.02
0.8971113274910744,54,dice_plus_rho_30,0.5127802828495328,hippocampus_057,33,765,1.4142135623730951,0.8157647794807632,1,3505,2773,0.8024148941040039,0.8993180906538307,0.9891696750902527,852,0.8728894552405224,0.02
0.8721040939384322,82,baseline,0.5895654671473334,hippocampus_057,52,878,1.4142135623730951,0.7854703508227259,1,3599,2773,0.7908821105957031,0.8793171893608575,0.982532751091703,1012,0.8540489642184558,0.05
0.9129287598944591,35,dice_only,0.46794015408306394,hippocampus_057,28,691,1.4142135623730951,0.8347497639282342,1,3436,2773,0.8148019313812256,0.9139046079223929,0.9915117219078415,754,0.8842003543243678,0.05
0.9129287598944591,35,dice_plus_band,0.4650516074501044,hippocampus_057,26,687,1.4142135623730951,0.8365354330708662,1,3434,2773,0.8151797652244568,0.9147130153597413,0.9915117219078415,748,0.8851296922829064,0.05
0.9129287598944591,35,dice_plus_rho_05,0.4650516074501044,hippocampus_057,26,687,1.4142135623730951,0.8365354330708662,1,3434,2773,0.8151803016662598,0.9147130153597413,0.9915117219078415,748,0.8851296922829064,0.05
0.9129287598944591,35,dice_plus_rho_10,0.4650516074501044,hippocampus_057,26,687,1.4142135623730951,0.8365354330708662,1,3434,2773,0.8151797652244568,0.9147130153597413,0.9915117219078415,748,0.8851296922829064,0.05
0.9129287598944591,35,dice_plus_rho_20,0.46459673845268645,hippocampus_057,26,685,1.4142135623730951,0.8370627166719193,1,3432,2773,0.8151749968528748,0.9159935379644588,0.9915185783521809,746,0.8854149879129735,0.05
0.9129287598944591,35,dice_plus_rho_30,0.46459673845268645,hippocampus_057,26,685,1.4142135623730951,0.8370627166719193,1,3432,2773,0.8151604533195496,0.9159935379644588,0.9915185783521809,746,0.8854149879129735,0.05
0.8721040939384322,82,baseline,0.5895654671473334,hippocampus_057,52,878,1.4142135623730951,0.7854703508227259,1,3599,2773,0.7908821105957031,0.8793171893608575,0.982532751091703,1012,0.8540489642184558,0.1
0.9254928165720013,26,dice_only,0.4336395589435398,hippocampus_057,23,627,1.4142135623730951,0.8482736775419703,1,3377,2773,0.8264541029930115,0.9266802443991853,0.9922606924643584,676,0.8943089430894309,0.1
0.928643216080402,26,dice_plus_band,0.42137616560008717,hippocampus_057,21,608,1.4142135623730951,0.8513341804320204,1,3360,2773,0.8275136351585388,0.9302894415002039,0.9922543823889115,655,0.8974400782651231,0.1
0.928643216080402,26,dice_plus_rho_05,0.42137616560008717,hippocampus_057,21,608,1.4142135623730951,0.8513341804320204,1,3360,2773,0.8275153636932373,0.9302894415002039,0.9922543823889115,655,0.8974400782651231,0.1
0.928643216080402,26,dice_plus_rho_10,0.42137616560008717,hippocampus_057,21,608,1.4142135623730951,0.8513341804320204,1,3360,2773,0.8275150060653687,0.9302894415002039,0.9922543823889115,655,0.8974400782651231,0.1
0.928643216080402,26,dice_plus_rho_20,0.42137616560008717,hippocampus_057,21,608,1.4142135623730951,0.8513341804320204,1,3360,2773,0.8275076746940613,0.9302894415002039,0.9922543823889115,655,0.8974400782651231,0.1
0.9283322170127261,26,dice_plus_rho_30,0.42174564621020666,hippocampus_057,21,610,1.4142135623730951,0.851063829787234,1,3362,2773,0.8274755477905273,0.9311889250814332,0.9922638436482085,657,0.8971475142624287,0.1
0.8263174306205177,163,baseline,0.5350107859875938,hippocampus_058,47,828,1.4142135623730951,0.831765935214211,1,3908,3127,0.7973703742027283,0.9187138728323699,0.9967485549132948,1038,0.8756218905472637,0.02
0.8463989802421925,142,dice_only,0.47187847871916766,hippocampus_058,25,719,1.4142135623730951,0.8566929133858268,1,3821,3127,0.8081587553024292,0.9368151935719503,0.9992695398100804,886,0.8929188255613126,0.02
0.8463989802421925,144,dice_plus_band,0.47041755833932836,hippocampus_058,25,717,1.4142135623730951,0.8560924369747899,1,3819,3127,0.8081960678100586,0.9368151935719503,0.9992695398100804,886,0.8931759285919953,0.02
0.8463989802421925,144,dice_plus_rho_05,0.47041755833932836,hippocampus_058,25,717,1.4142135623730951,0.8560924369747899,1,3819,3127,0.808195948600769,0.9368151935719503,0.9992695398100804,886,0.8931759285919953,0.02
0.8463989802421925,144,dice_plus_rho_10,0.47041755833932836,hippocampus_058,25,717,1.4142135623730951,0.8560924369747899,1,3819,3127,0.8081955909729004,0.9368151935719503,0.9992695398100804,886,0.8931759285919953,0.02
0.8463989802421925,144,dice_plus_rho_20,0.47041755833932836,hippocampus_058,25,717,1.4142135623730951,0.8560924369747899,1,3819,3127,0.8081943988800049,0.9368151935719503,0.9992695398100804,886,0.8931759285919953,0.02
0.8463989802421925,144,dice_plus_rho_30,0.47041755833932836,hippocampus_058,25,717,1.4142135623730951,0.8560924369747899,1,3819,3127,0.808192253112793,0.9368151935719503,0.9992695398100804,886,0.8931759285919953,0.02
0.8263174306205177,163,baseline,0.5350107859875938,hippocampus_058,47,828,1.4142135623730951,0.831765935214211,1,3908,3127,0.7973703742027283,0.9187138728323699,0.9967485549132948,1038,0.8756218905472637,0.05
0.8592688450339696,131,dice_only,0.41328232412258903,hippocampus_058,15,633,1.0,0.8743718592964824,1,3745,3127,0.8199465274810791,0.9537444933920705,0.999632892804699,779,0.9057043073341094,0.05
0.8598251861443833,134,dice_plus_band,0.4094238109509479,hippocampus_058,15,626,1.0,0.8739406779661016,1,3738,3127,0.8202999830245972,0.9544787077826725,0.999632892804699,775,0.9066278222869628,0.05
0.8598251861443833,134,dice_plus_rho_05,0.40910325116155744,hippocampus_058,15,625,1.0,0.8741721854304636,1,3737,3127,0.8202981352806091,0.9552293577981651,0.9996330275229358,774,0.9067599067599068,0.05
0.8598251861443833,134,dice_plus_rho_10,0.40910325116155744,hippocampus_058,15,625,1.0,0.8741721854304636,1,3737,3127,0.8202952742576599,0.9552293577981651,0.9996330275229358,774,0.9067599067599068,0.05
0.8598251861443833,134,dice_plus_rho_20,0.4086175875945945,hippocampus_058,15,624,1.0,0.8744038155802861,1,3736,3127,0.8202863931655884,0.9555800293685757,0.999632892804699,773,0.9068920297246102,0.05
0.859546925566343,134,dice_plus_rho_30,0.4088346086633671,hippocampus_058,15,625,1.0,0.8744038155802861,1,3737,3127,0.8202686309814453,0.9555963302752294,0.9996330275229358,774,0.9067599067599068,0.05
0.8263174306205177,163,baseline,0.5350107859875938,hippocampus_058,47,828,1.4142135623730951,0.831765935214211,1,3908,3127,0.7973703742027283,0.9187138728323699,0.9967485549132948,1038,0.8756218905472637,0.1
0.8720472440944882,117,dice_only,0.37687505023779166,hippocampus_058,12,575,1.0,0.8856460599628548,1,3690,3127,0.8317141532897949,0.9591611479028698,0.9996320824135394,704,0.9138917412351474,0.1
0.875864339809022,117,dice_plus_band,0.36108158339061874,hippocampus_058,10,549,1.0,0.8892438764643238,1,3666,3127,0.8326029181480408,0.9598230740877257,0.9996314043494287,676,0.9177094067422347,0.1
0.875864339809022,117,dice_plus_rho_05,0.3618187746917614,hippocampus_058,10,550,1.0,0.8890071865850413,1,3667,3127,0.8325945734977722,0.9598230740877257,0.9996314043494287,677,0.9175743302914336,0.1
0.8755760368663594,117,dice_plus_rho_10,0.362555965992904,hippocampus_058,11,551,1.0,0.8887113951011715,1,3667,3127,0.8325839042663574,0.9598230740877257,0.9996314043494287,679,0.9172799528996173,0.1
0.8755760368663594,117,dice_plus_rho_20,0.362555965992904,hippocampus_058,11,551,1.0,0.8887113951011715,1,3667,3127,0.8325546979904175,0.9598230740877257,0.9996314043494287,679,0.9172799528996173,0.1
0.8749177090190915,117,dice_plus_rho_30,0.36407510879484856,hippocampus_058,12,552,1.0,0.8887113951011715,1,3667,3127,0.8325029611587524,0.9609144542772862,0.9996312684365781,681,0.916985575507801,0.1
0.8988012266517982,40,baseline,0.43392589305010426,hippocampus_060,123,583,1.4142135623730951,0.885396911406123,1,3869,3409,0.8304369449615479,0.9477638640429338,0.99391771019678,746,0.9029953283869195,0.02
0.9176144244105409,22,dice_only,0.36179006615790565,hippocampus_060,78,504,1.0,0.9095905468535311,1,3835,3409,0.8420879244804382,0.9553956834532374,0.99568345323741,604,0.9196576477084484,0.02
0.9178690344062154,22,dice_plus_band,0.3609216440131672,hippocampus_060,78,502,1.0,0.9098405717427158,1,3833,3409,0.842158317565918,0.9557553956834532,0.99568345323741,602,0.9199116266224799,0.02
0.9178690344062154,22,dice_plus_rho_05,0.3609216440131672,hippocampus_060,78,502,1.0,0.9098405717427158,1,3833,3409,0.8421580195426941,0.9557553956834532,0.99568345323741,602,0.9199116266224799,0.02
0.9178690344062154,22,dice_plus_rho_10,0.3609216440131672,hippocampus_060,78,502,1.0,0.9098405717427158,1,3833,3409,0.8421573638916016,0.9557553956834532,0.99568345323741,602,0.9199116266224799,0.02
0.9178690344062154,22,dice_plus_rho_20,0.3609216440131672,hippocampus_060,78,502,1.0,0.9098405717427158,1,3833,3409,0.8421554565429688,0.9557553956834532,0.99568345323741,602,0.9199116266224799,0.02
0.9178690344062154,22,dice_plus_rho_30,0.3609216440131672,hippocampus_060,78,502,1.0,0.9098405717427158,1,3833,3409,0.8421516418457031,0.9557553956834532,0.99568345323741,602,0.9199116266224799,0.02
0.8988012266517982,40,baseline,0.43392589305010426,hippocampus_060,123,583,1.4142135623730951,0.885396911406123,1,3869,3409,0.8304369449615479,0.9477638640429338,0.99391771019678,746,0.9029953283869195,0.05
0.9328129356007806,17,dice_only,0.31004997827196273,hippocampus_060,55,433,1.0,0.9221390967026877,1,3787,3409,0.8540412783622742,0.9646974063400576,0.9967579250720461,505,0.9321845469705392,0.05
0.9331103678929766,17,dice_plus_band,0.30594763506956324,hippocampus_060,53,428,1.0,0.9237170596393898,1,3784,3409,0.854439377784729,0.9646719538572458,0.9967555875991349,498,0.9331294313916307,0.05
0.9331103678929766,17,dice_plus_rho_05,0.30594763506956324,hippocampus_060,53,428,1.0,0.9237170596393898,1,3784,3409,0.8544384837150574,0.9646719538572458,0.9967555875991349,498,0.9331294313916307,0.05
0.9331103678929766,17,dice_plus_rho_10,0.30594763506956324,hippocampus_060,53,428,1.0,0.9237170596393898,1,3784,3409,0.8544368147850037,0.9646719538572458,0.9967555875991349,498,0.9331294313916307,0.05
0.9331103678929766,17,dice_plus_rho_20,0.30594763506956324,hippocampus_060,53,428,1.0,0.9237170596393898,1,3784,3409,0.8544303178787231,0.9646719538572458,0.9967555875991349,498,0.9331294313916307,0.05
0.9328129356007806,17,dice_plus_rho_30,0.30666861560308883,hippocampus_060,54,428,1.0,0.9237170596393898,1,3783,3409,0.8544139862060547,0.9646719538572458,0.9967555875991349,499,0.9329810901001112,0.05
0.8988012266517982,40,baseline,0.43392589305010426,hippocampus_060,123,583,1.4142135623730951,0.885396911406123,1,3869,3409,0.8304369449615479,0.9477638640429338,0.99391771019678,746,0.9029953283869195,0.1
0.941834451901566,11,dice_only,0.2747987762649265,hippocampus_060,42,385,1.0,0.9327754532775453,1,3752,3409,0.8652747869491577,0.9696531791907514,0.9971098265895953,438,0.9403714565004888,0.1
0.9431531783814058,12,dice_plus_band,0.26485358213118193,hippocampus_060,41,369,1.0,0.9353846153846154,1,3737,3409,0.8661413192749023,0.9707264185037947,0.9967473798337549,422,0.9426252448922474,0.1
0.9436817035584197,12,dice_plus_rho_05,0.2637991038346451,hippocampus_060,41,368,1.0,0.9351230425055929,1,3736,3409,0.8661402463912964,0.9714389009399855,0.9971077368040492,421,0.9427571728481455,0.1
0.9436817035584197,12,dice_plus_rho_10,0.2637991038346451,hippocampus_060,41,368,1.0,0.9351230425055929,1,3736,3409,0.8661374449729919,0.9714389009399855,0.9971077368040492,421,0.9427571728481455,0.1
0.944210821418559,12,dice_plus_rho_20,0.2639606170581862,hippocampus_060,41,367,1.0,0.9348616158792284,1,3735,3409,0.8661260008811951,0.9721518987341772,0.9974683544303797,420,0.9428891377379619,0.1
0.9439461883408071,12,dice_plus_rho_30,0.26422671951044285,hippocampus_060,41,368,1.0,0.9348616158792284,1,3736,3409,0.866093635559082,0.9721619667389733,0.997469269703543,421,0.9427571728481455,0.1
