anterior_dice,ap_swaps,arm,assd_mm,case_name,foreground_fn,foreground_fp,hd95_mm,posterior_dice,predicted_components,predicted_foreground_voxels,reference_foreground_voxels,soft_dice_score,surface_dice_1mm,surface_dice_2mm,total_errors,union_dice,update_rms
0.9212855146716349,1,baseline,0.463067724315672,hippocampus_017,197,544,1.0,0.8654037886340977,1,3825,3478,0.8222924470901489,0.9518115942028985,0.9952898550724638,742,0.8985348486923183,0.02
0.9358736059479554,0,dice_only,0.3877639919995219,hippocampus_017,151,459,1.0,0.8871621621621621,1,3786,3478,0.8322388529777527,0.9628279883381924,0.9978134110787172,610,0.9160242290748899,0.02
0.9363086936308693,0,dice_plus_band,0.3836154440971541,hippocampus_017,149,455,1.0,0.8885135135135135,1,3784,3478,0.8323202133178711,0.9628415300546448,0.9978142076502732,604,0.9168273202974387,0.02
0.9358736059479554,0,dice_plus_onecut,0.3885647287738852,hippocampus_017,150,461,1.0,0.8869389132635842,1,3789,3478,0.8322245478630066,0.9632058287795993,0.9978142076502732,611,0.9159212880143113,0.02
0.9360910992330932,0,dice_plus_naive_hybrid,0.38469758764005646,hippocampus_017,150,455,1.0,0.8884381338742393,1,3783,3478,0.8322889804840088,0.9631924198250729,0.9978134110787172,605,0.9166781435064041,0.02
0.9358736059479554,0,dice_plus_tolerance_hybrid,0.3885647287738852,hippocampus_017,151,460,1.0,0.8868625464370146,1,3787,3478,0.832216739654541,0.9632058287795993,0.9978142076502732,611,0.9158981417756367,0.02
0.9212855146716349,1,baseline,0.463067724315672,hippocampus_017,197,544,1.0,0.8654037886340977,1,3825,3478,0.8222924470901489,0.9518115942028985,0.9952898550724638,742,0.8985348486923183,0.05
0.9436685288640596,0,dice_only,0.33979438023223113,hippocampus_017,127,401,1.0,0.9025221540558964,1,3752,3478,0.8427111506462097,0.9707922599488864,0.9981745162468054,528,0.9269709543568465,0.05
0.9439143588550152,0,dice_plus_band,0.33468302572328623,hippocampus_017,126,395,1.0,0.9043715846994536,1,3747,3478,0.8431219458580017,0.9707922599488864,0.9981745162468054,521,0.9278892733564014,0.05
0.9436685288640596,0,dice_plus_onecut,0.3389092118201498,hippocampus_017,127,401,1.0,0.9025221540558964,1,3752,3478,0.8427411317825317,0.9719080627508209,0.9985406785844583,528,0.9269709543568465,0.05
0.9443797998603677,0,dice_plus_naive_hybrid,0.3372080837952667,hippocampus_017,125,399,1.0,0.9028298670303444,1,3752,3478,0.8429901003837585,0.9718978102189781,0.9985401459854014,524,0.927524204702628,0.05
0.9436685288640596,0,dice_plus_tolerance_hybrid,0.3389092118201498,hippocampus_017,127,401,1.0,0.9025221540558964,1,3752,3478,0.8427252173423767,0.9719080627508209,0.9985406785844583,528,0.9269709543568465,0.05
0.9212855146716349,1,baseline,0.463067724315672,hippocampus_017,197,544,1.0,0.8654037886340977,1,3825,3478,0.8222924470901489,0.9518115942028985,0.9952898550724638,742,0.8985348486923183,0.1
0.9503149055283415,0,dice_only,0.2948564001233922,hippocampus_017,112,344,1.0,0.9162357807652534,1,3710,3478,0.8530251979827881,0.9758683729433273,0.9992687385740402,456,0.9365609348914858,0.1
0.9524475524475524,0,dice_plus_band,0.28170535120746215,hippocampus_017,106,326,1.0,0.920997920997921,1,3698,3478,0.8539475202560425,0.9780621572212066,0.9996343692870201,432,0.939799331103679,0.1
0.950338074143157,0,dice_plus_onecut,0.29500566546209667,hippocampus_017,111,343,1.0,0.916867885477751,1,3710,3478,0.8532177209854126,0.9780861943024105,0.9992695398100804,454,0.9368391764051196,0.1
0.9522033107950572,0,dice_plus_naive_hybrid,0.2854688823583736,hippocampus_017,107,330,1.0,0.9197231833910035,1,3701,3478,0.8536977171897888,0.9795246800731261,0.9996343692870201,437,0.9391280122579746,0.1
0.9505597014925373,0,dice_plus_tolerance_hybrid,0.29375388714681044,hippocampus_017,111,342,1.0,0.916867885477751,1,3709,3478,0.853204607963562,0.9795620437956204,1.0,453,0.9369695283150132,0.1
0.8780856423173804,78,baseline,0.5760256484988778,hippocampus_019,166,813,1.4142135623730951,0.8079079374446739,1,4003,3356,0.8042363524436951,0.9148264984227129,0.9926393270241851,1057,0.866965620328849,0.02
0.8938097634625063,75,dice_only,0.5146892355204686,hippocampus_019,125,736,1.4142135623730951,0.8241266049567035,1,3967,3356,0.8143383860588074,0.9340582251841459,0.9940371799368642,936,0.882425235559197,0.02
0.8944850163686728,75,dice_plus_band,0.5107970631245544,hippocampus_019,125,730,1.4142135623730951,0.8248655110579797,1,3961,3356,0.8144149780273438,0.9337307152875175,0.9940392706872371,930,0.8831488314883149,0.02
0.8937562940584088,75,dice_plus_onecut,0.5148784386429849,hippocampus_019,126,735,1.4142135623730951,0.8241266049567035,1,3965,3356,0.814327597618103,0.9334500875656743,0.9947460595446584,936,0.8823931156945772,0.02
0.8942598187311178,75,dice_plus_naive_hybrid,0.5122248074100934,hippocampus_019,125,732,1.4142135623730951,0.8246190618464296,1,3963,3356,0.8143879771232605,0.9337771548703574,0.9940434477925718,932,0.8829075010247301,0.02
0.8937562940584088,75,dice_plus_tolerance_hybrid,0.5148784386429849,hippocampus_019,126,735,1.4142135623730951,0.8241266049567035,1,3965,3356,0.8143258094787598,0.9334500875656743,0.9947460595446584,936,0.8823931156945772,0.02
0.8780856423173804,78,baseline,0.5760256484988778,hippocampus_019,166,813,1.4142135623730951,0.8079079374446739,1,4003,3356,0.8042363524436951,0.9148264984227129,0.9926393270241851,1057,0.866965620328849,0.05
0.9064784471893118,73,dice_only,0.4611006465245894,hippocampus_019,101,663,1.4142135623730951,0.8370123979437557,1,3918,3356,0.8249355554580688,0.9403508771929825,0.9971929824561403,837,0.8949683805334067,0.05
0.9072112960161371,73,dice_plus_band,0.4568598464168117,hippocampus_019,100,658,1.4142135623730951,0.837772397094431,1,3914,3356,0.8253538608551025,0.9406601123595506,0.9971910112359551,831,0.895735900962861,0.05
0.9057459677419355,73,dice_plus_onecut,0.46254915793936435,hippocampus_019,102,663,1.4142135623730951,0.837518910741301,1,3917,3356,0.825013279914856,0.9407017543859649,0.9975438596491228,838,0.8948164443833356,0.05
0.9064784471893118,73,dice_plus_naive_hybrid,0.4590093144022363,hippocampus_019,101,659,1.4142135623730951,0.8380260369361187,1,3914,3356,0.8252509832382202,0.9417134831460674,0.9971910112359551,833,0.8954607977991746,0.05
0.9059742878749685,73,dice_plus_tolerance_hybrid,0.4624132843067608,hippocampus_019,102,663,1.4142135623730951,0.837265577737447,1,3917,3356,0.8250092267990112,0.9414651244304241,0.997546442341395,838,0.8948164443833356,0.05
0.8780856423173804,78,baseline,0.5760256484988778,hippocampus_019,166,813,1.4142135623730951,0.8079079374446739,1,4003,3356,0.8042363524436951,0.9148264984227129,0.9926393270241851,1057,0.866965620328849,0.1
0.9184137408436474,71,dice_only,0.41488027661700005,hippocampus_019,79,594,1.4142135623730951,0.8494492044063647,1,3871,3356,0.835713267326355,0.94901547116737,0.9982419127988749,744,0.9068769890687699,0.1
0.9202020202020202,71,dice_plus_band,0.4034140506251981,hippocampus_019,74,577,1.0,0.8534562211981567,1,3859,3356,0.8366891741752625,0.9515108924806747,0.9982431482782853,722,0.9097713097713098,0.1
0.9186457806973218,71,dice_plus_onecut,0.4117811825611074,hippocampus_019,77,588,1.0,0.8514548238897397,1,3867,3356,0.8359956741333008,0.9525816649104321,0.9992975061468212,736,0.9079329918316489,0.1
0.9196157735085946,71,dice_plus_naive_hybrid,0.405142220478021,hippocampus_019,76,579,1.0,0.8530223995090519,1,3859,3356,0.836495041847229,0.9525983146067416,0.9989466292134831,726,0.9092169092169092,0.1
0.9186457806973218,71,dice_plus_tolerance_hybrid,0.4117811825611074,hippocampus_019,77,588,1.0,0.8514548238897397,1,3867,3356,0.8359810709953308,0.9525816649104321,0.9992975061468212,736,0.9079329918316489,0.1
0.9227040129275519,18,baseline,0.46006066598604933,hippocampus_033,197,547,1.4142135623730951,0.8584553545793856,1,3773,3423,0.8309456706047058,0.9436568520537986,0.9920029080334424,762,0.896609227348527,0.02
0.9414293390650188,1,dice_only,0.391696822202583,hippocampus_033,145,477,1.0,0.8825231481481481,1,3755,3423,0.8424045443534851,0.9529368843487778,0.9937978839839474,623,0.9133463360267484,0.02
0.9416823434560602,1,dice_plus_band,0.3897132071664901,hippocampus_033,143,476,1.0,0.8831694621168306,1,3756,3423,0.8424834609031677,0.9526239067055393,0.9938046647230321,620,0.9137762919626689,0.02
0.9417136717700779,1,dice_plus_onecut,0.3913168155059836,hippocampus_033,145,475,1.0,0.8827106863596872,1,3753,3423,0.8423900604248047,0.9536834427425237,0.9941648431801605,621,0.9136008918617614,0.02
0.9414293390650188,1,dice_plus_naive_hybrid,0.3898757781494727,hippocampus_033,143,475,1.0,0.8836805555555556,1,3755,3423,0.8424522280693054,0.9529883381924198,0.9941690962099126,619,0.9139035943159655,0.02
0.9417136717700779,1,dice_plus_tolerance_hybrid,0.3913168155059836,hippocampus_033,145,475,1.0,0.8827106863596872,1,3753,3423,0.84238600730896,0.9536834427425237,0.9941648431801605,621,0.9136008918617614,0.02
0.9227040129275519,18,baseline,0.46006066598604933,hippocampus_033,197,547,1.4142135623730951,0.8584553545793856,1,3773,3423,0.8309456706047058,0.9436568520537986,0.9920029080334424,762,0.896609227348527,0.05
0.9516129032258065,0,dice_only,0.34119370463005094,hippocampus_033,113,416,1.0,0.8982210557013707,1,3726,3423,0.8539751768112183,0.955523149835946,0.994166970470288,529,0.9260036368722898,0.05
0.9518687819306265,0,dice_plus_band,0.3351245875793629,hippocampus_033,110,408,1.0,0.901021897810219,1,3721,3423,0.8544144630432129,0.9558555271798613,0.9941627143378329,518,0.9274916013437849,0.05
0.9516129032258065,0,dice_plus_onecut,0.34012801676957755,hippocampus_033,113,414,1.0,0.8987452582433615,1,3724,3423,0.8540920615196228,0.9569657184536834,0.9941648431801605,527,0.926262767594795,0.05
0.9521505376344086,0,dice_plus_naive_hybrid,0.33672293911125833,hippocampus_033,111,410,1.0,0.8998540145985402,1,3722,3423,0.8543224334716797,0.956981407218374,0.994166970470288,521,0.9270818754373688,0.05
0.9518946519752755,0,dice_plus_tolerance_hybrid,0.339786827513473,hippocampus_033,112,414,1.0,0.8987452582433615,1,3725,3423,0.8540870547294617,0.957710535909588,0.994531534815895,526,0.9264129826524902,0.05
0.9227040129275519,18,baseline,0.46006066598604933,hippocampus_033,197,547,1.4142135623730951,0.8584553545793856,1,3773,3423,0.8309456706047058,0.9436568520537986,0.9920029080334424,762,0.896609227348527,0.1
0.9604306864064603,0,dice_only,0.29878506078494743,hippocampus_033,88,369,1.0,0.9091441969519344,1,3704,3423,0.8644514083862305,0.9595628415300547,0.9948998178506375,457,0.9358776483794022,0.1
0.9626243613874698,0,dice_plus_band,0.2871322652072886,hippocampus_033,79,360,1.0,0.9119718309859155,1,3704,3423,0.8653903007507324,0.9614405238268461,0.9952710076391416,439,0.9384032552266031,0.1
0.9609900457358085,0,dice_plus_onecut,0.29301488684242366,hippocampus_033,86,360,1.0,0.9115486335586247,1,3697,3423,0.8648146986961365,0.9650273224043716,0.9963570127504554,446,0.9373595505617978,0.1
0.9623453469607316,0,dice_plus_naive_hybrid,0.28889365706155334,hippocampus_033,82,358,1.0,0.9118683901292597,1,3699,3423,0.8652531504631042,0.9643377001455604,0.9959970887918487,440,0.938219601235608,0.1
0.9607104413347686,0,dice_plus_tolerance_hybrid,0.29374348429233255,hippocampus_033,87,360,1.0,0.9115486335586247,1,3696,3423,0.8648177981376648,0.9650273224043716,0.9963570127504554,447,0.9372102823430257,0.1
0.8946123521681998,54,baseline,0.5039414087979063,hippocampus_035,256,542,1.0,0.8506359065365277,1,3736,3450,0.8227319121360779,0.951905290418054,0.9966703662597114,852,0.8889507375452268,0.02
0.9158337716991057,34,dice_only,0.4370017163044585,hippocampus_035,210,465,1.0,0.8738443185207277,1,3705,3450,0.8339866995811462,0.967037037037037,0.9981481481481481,709,0.9056603773584906,0.02
0.9161188535366815,34,dice_plus_band,0.435520234822977,hippocampus_035,208,464,1.0,0.8744407992842231,1,3706,3450,0.8340618014335632,0.967037037037037,0.9981481481481481,706,0.9060927892677474,0.02
0.9155485398579322,34,dice_plus_onecut,0.4372651445076479,hippocampus_035,209,466,1.0,0.8742550655542313,1,3707,3450,0.8339701890945435,0.9674315321983715,0.9981495188749074,709,0.9056867402542965,0.02
0.9161188535366815,34,dice_plus_naive_hybrid,0.4346820462411299,hippocampus_035,207,464,1.0,0.8747763864042933,1,3707,3450,0.8340325355529785,0.9677897075157349,0.9981488337652721,705,0.9062456336453821,0.02
0.9155485398579322,34,dice_plus_tolerance_hybrid,0.4372651445076479,hippocampus_035,209,466,1.0,0.8742550655542313,1,3707,3450,0.8339645862579346,0.9674315321983715,0.9981495188749074,709,0.9056867402542965,0.02
0.8946123521681998,54,baseline,0.5039414087979063,hippocampus_035,256,542,1.0,0.8506359065365277,1,3736,3450,0.8227319121360779,0.951905290418054,0.9966703662597114,852,0.8889507375452268,0.05
0.9260823653643083,21,dice_only,0.3975124349645284,hippocampus_035,189,419,1.0,0.8892878515858768,1,3680,3450,0.8457109332084656,0.9736744530960326,0.9985168705969596,629,0.914726507713885,0.05
0.9279112754158965,21,dice_plus_band,0.39081200196049964,hippocampus_035,181,413,1.0,0.8914798206278027,1,3682,3450,0.8461833000183105,0.9755283648498332,0.9985168705969596,615,0.9167134043746494,0.05
0.9263269078426195,21,dice_plus_onecut,0.39472980050546047,hippocampus_035,186,416,1.0,0.8908166317678732,1,3680,3450,0.8458147048950195,0.9770029673590505,0.9985163204747775,623,0.9155680224403927,0.05
0.9268550303670452,21,dice_plus_naive_hybrid,0.39221332178010426,hippocampus_035,183,414,1.0,0.8917464114832536,1,3681,3450,0.8460728526115417,0.9770200148257969,0.9985174203113417,618,0.9162810265039967,0.05
0.9263269078426195,21,dice_plus_tolerance_hybrid,0.3950370805962417,hippocampus_035,186,417,1.0,0.8905502392344498,1,3681,3450,0.8457938432693481,0.9762611275964391,0.9985163204747775,624,0.9154396297854438,0.05
0.8946123521681998,54,baseline,0.5039414087979063,hippocampus_035,256,542,1.0,0.8506359065365277,1,3736,3450,0.8227319121360779,0.951905290418054,0.9966703662597114,852,0.8889507375452268,0.1
0.9366887417218543,11,dice_only,0.3490869214493441,hippocampus_035,160,367,1.0,0.9069627851140456,1,3657,3450,0.8570680022239685,0.9792592592592593,0.9985185185185185,538,0.9258477557337836,0.1
0.937748344370861,11,dice_plus_band,0.33979292166945074,hippocampus_035,157,357,1.0,0.9094736842105263,1,3650,3450,0.8582348823547363,0.9796447076239823,0.9985196150999259,525,0.9276056338028169,0.1
0.9366887417218543,12,dice_plus_onecut,0.343985449289886,hippocampus_035,154,367,1.0,0.908328340323547,1,3663,3450,0.8574780821800232,0.9815020347761746,0.9992600813910469,533,0.926753831013637,0.1
0.9369369369369369,12,dice_plus_naive_hybrid,0.3409266445572071,hippocampus_035,156,361,1.0,0.9090363254277994,1,3655,3450,0.8580255508422852,0.9807621161672216,0.9992600813910469,529,0.9272343420126672,0.1
0.9366887417218543,12,dice_plus_tolerance_hybrid,0.34391232758894374,hippocampus_035,154,367,1.0,0.908328340323547,1,3663,3450,0.8574473261833191,0.9807692307692307,0.9992603550295858,533,0.926753831013637,0.1
0.8126491646778043,78,baseline,0.6300519692289667,hippocampus_037,298,720,1.4142135623730951,0.8421965317919076,1,3617,3195,0.7875112295150757,0.8971300782705927,0.9918002236302647,1096,0.8505578391074574,0.02
0.8301886792452831,71,dice_only,0.5651028597881669,hippocampus_037,253,647,1.4142135623730951,0.8621190130624092,1,3589,3195,0.798439621925354,0.9146159582401193,0.9944071588366891,971,0.8673349056603774,0.02
0.829940119760479,71,dice_plus_band,0.564545073498059,hippocampus_037,253,647,1.4142135623730951,0.8623693379790941,1,3589,3195,0.798503577709198,0.9146159582401193,0.994034302759135,971,0.8673349056603774,0.02
0.8300869044051543,71,dice_plus_onecut,0.5655396878550027,hippocampus_037,253,647,1.4142135623730951,0.8621990136350449,1,3589,3195,0.7983853816986084,0.9153616703952274,0.9944071588366891,971,0.8673349056603774,0.02
0.8304373876572798,71,dice_plus_naive_hybrid,0.5640482635447864,hippocampus_037,252,646,1.4142135623730951,0.8624492164828786,1,3589,3195,0.798461377620697,0.9153616703952274,0.9944071588366891,969,0.8676297169811321,0.02
0.8298382264829239,71,dice_plus_tolerance_hybrid,0.5658560031269066,hippocampus_037,253,648,1.4142135623730951,0.8621990136350449,1,3590,3195,0.798377513885498,0.9150204994409243,0.9944092433842714,972,0.8672070744288872,0.02
0.8126491646778043,78,baseline,0.6300519692289667,hippocampus_037,298,720,1.4142135623730951,0.8421965317919076,1,3617,3195,0.7875112295150757,0.8971300782705927,0.9918002236302647,1096,0.8505578391074574,0.05
0.8433662773285415,60,dice_only,0.5104463529850756,hippocampus_037,225,594,1.4142135623730951,0.8783625730994152,1,3564,3195,0.8105810880661011,0.9214737625604764,0.9959062151097878,879,0.8788282290279628,0.05
0.8445642407906558,61,dice_plus_band,0.5056422698840376,hippocampus_037,220,591,1.4142135623730951,0.8790181180596143,1,3566,3195,0.8109846115112305,0.9218168279970216,0.9959046909903202,872,0.8800473302765863,0.05
0.8435251798561151,61,dice_plus_onecut,0.5092283736450351,hippocampus_037,224,593,1.4142135623730951,0.8781770376862401,1,3564,3195,0.8105589151382446,0.9225614296351452,0.9959046909903202,878,0.8791241307885782,0.05
0.8442180946674656,61,dice_plus_naive_hybrid,0.5059618393815161,hippocampus_037,221,592,1.4142135623730951,0.8787613204791119,1,3566,3195,0.8108326196670532,0.9222180870859695,0.9959062151097878,874,0.8797515160479219,0.05
0.8435251798561151,61,dice_plus_tolerance_hybrid,0.5092283736450351,hippocampus_037,224,593,1.4142135623730951,0.8781770376862401,1,3564,3195,0.8105448484420776,0.9225614296351452,0.9959046909903202,878,0.8791241307885782,0.05
0.8126491646778043,78,baseline,0.6300519692289667,hippocampus_037,298,720,1.4142135623730951,0.8421965317919076,1,3617,3195,0.7875112295150757,0.8971300782705927,0.9918002236302647,1096,0.8505578391074574,0.1
0.8601377657981432,37,dice_only,0.46285461588185933,hippocampus_037,196,544,1.4142135623730951,0.8979111503383348,1,3543,3195,0.8234337568283081,0.928384930995897,0.9958970533383066,777,0.8901751261501929,0.1
0.8610861086108611,39,dice_plus_band,0.4536388465371593,hippocampus_037,190,534,1.4142135623730951,0.9003234342840342,1,3539,3195,0.8244871497154236,0.9303538175046555,0.9962756052141527,763,0.8924858924858925,0.1
0.8599700149925037,39,dice_plus_onecut,0.4598273916401692,hippocampus_037,191,544,1.4142135623730951,0.8984741784037559,1,3548,3195,0.823707103729248,0.9315221436546334,0.9962783773725344,774,0.8909980720747441,0.1
0.8602279544091181,40,dice_plus_naive_hybrid,0.4534647655452019,hippocampus_037,187,537,1.4142135623730951,0.9007633587786259,1,3545,3195,0.824269711971283,0.9315221436546334,0.9962783773725344,764,0.8925816023738873,0.1
0.8599700149925037,39,dice_plus_tolerance_hybrid,0.4598273916401692,hippocampus_037,191,544,1.4142135623730951,0.8984741784037559,1,3548,3195,0.8236505389213562,0.9315221436546334,0.9962783773725344,774,0.8909980720747441,0.1
0.9106425702811245,80,baseline,0.4380997932200455,hippocampus_049,164,557,1.0,0.8641655886157826,1,4121,3728,0.8358938694000244,0.9663428174878557,0.9958362248438585,801,0.9081411644795515,0.02
0.9251700680272109,78,dice_only,0.37353714463083454,hippocampus_049,125,478,1.0,0.8796875,1,4081,3728,0.8456676006317139,0.9710700592540955,0.9972115719762984,681,0.9227814060699193,0.02
0.9251700680272109,78,dice_plus_band,0.37214293061898374,hippocampus_049,124,477,1.0,0.8802083333333334,1,4081,3728,0.8457393646240234,0.9710700592540955,0.9972115719762984,679,0.9230375208093226,0.02
0.9251700680272109,78,dice_plus_onecut,0.37423425163675994,hippocampus_049,125,479,1.0,0.8794584743556365,1,4082,3728,0.845673680305481,0.9710700592540955,0.9972115719762984,682,0.922663252240717,0.02
0.9251700680272109,78,dice_plus_naive_hybrid,0.37284003762490914,hippocampus_049,124,478,1.0,0.8799791720906014,1,4082,3728,0.8457198143005371,0.9710700592540955,0.9972115719762984,680,0.9229193341869398,0.02
0.9251700680272109,78,dice_plus_tolerance_hybrid,0.37423425163675994,hippocampus_049,125,479,1.0,0.8794584743556365,1,4082,3728,0.8456735014915466,0.9710700592540955,0.9972115719762984,682,0.922663252240717,0.02
0.9106425702811245,80,baseline,0.4380997932200455,hippocampus_049,164,557,1.0,0.8641655886157826,1,4121,3728,0.8358938694000244,0.9663428174878557,0.9958362248438585,801,0.9081411644795515,0.05
0.9358261748357757,76,dice_only,0.3140165127856271,hippocampus_049,97,402,1.0,0.8956087299500395,1,4033,3728,0.8564600348472595,0.9745289602233077,0.9982554082344731,575,0.9357041618348151,0.05
0.9378787878787879,76,dice_plus_band,0.3061895427652393,hippocampus_049,91,395,1.0,0.8968421052631579,1,4032,3728,0.8568538427352905,0.9758909853249476,0.9982529699510831,562,0.9373711340206186,0.05
0.9363314805457301,76,dice_plus_onecut,0.31151345349716186,hippocampus_049,96,399,1.0,0.8960799789529071,1,4031,3728,0.8565377593040466,0.9773123909249564,0.9982547993019197,571,0.9362031189586287,0.05
0.9373737373737374,76,dice_plus_naive_hybrid,0.30590008534918545,hippocampus_049,92,394,1.0,0.8973143759873617,1,4030,3728,0.8567530512809753,0.977288609364081,0.9982529699510831,562,0.9373549883990719,0.05
0.9363314805457301,76,dice_plus_tolerance_hybrid,0.31180260781644503,hippocampus_049,96,400,1.0,0.8958442924776433,1,4032,3728,0.8565326929092407,0.9766143106457242,0.9982547993019197,572,0.9360824742268041,0.05
0.9106425702811245,80,baseline,0.4380997932200455,hippocampus_049,164,557,1.0,0.8641655886157826,1,4121,3728,0.8358938694000244,0.9663428174878557,0.9958362248438585,801,0.9081411644795515,0.1
0.9444585341110829,71,dice_only,0.265330464661275,hippocampus_049,73,343,1.0,0.9103885804916733,1,3998,3728,0.8673112392425537,0.9821802935010482,0.9986023759608665,487,0.9461558374320477,0.1
0.9473150962512664,72,dice_plus_band,0.2533719367318183,hippocampus_049,64,332,1.0,0.9120762711864406,1,3996,3728,0.868203341960907,0.9825174825174825,0.9986013986013986,468,0.9487312273433454,0.1
0.9447821681864235,72,dice_plus_onecut,0.26283351694291657,hippocampus_049,70,342,1.0,0.9105820105820106,1,4000,3728,0.8675073981285095,0.982879105520615,0.9986023759608665,484,0.9466873706004141,0.1
0.9465687515826792,72,dice_plus_naive_hybrid,0.2559089678394545,hippocampus_049,65,336,1.0,0.9115934356802541,1,3999,3728,0.8679755926132202,0.9825113676110528,0.9986009094088842,473,0.9481040507312023,0.1
0.9450215353432987,72,dice_plus_tolerance_hybrid,0.26082821583034854,hippocampus_049,70,339,1.0,0.911064055055585,1,3997,3728,0.8674899935722351,0.9832226494232785,0.9993009437259699,481,0.9470550161812298,0.1
0.8782654127481714,68,baseline,0.5332271578605441,hippocampus_052,159,756,1.4142135623730951,0.8324262389000286,1,3958,3361,0.8117822408676147,0.9113968033356498,0.995135510771369,983,0.8749829211640935,0.02
0.8942708333333333,55,dice_only,0.4711405143768148,hippocampus_052,114,672,1.4142135623730951,0.8575581395348837,1,3919,3361,0.8228718042373657,0.9333565945568737,0.9965108164689462,841,0.8920329670329671,0.02
0.8947368421052632,55,dice_plus_band,0.46996868658960034,hippocampus_052,114,669,1.4142135623730951,0.8578075021808665,1,3916,3361,0.8229206800460815,0.9340314136125655,0.9965095986038395,838,0.8924007145801841,0.02
0.8947368421052632,55,dice_plus_onecut,0.4704318926653771,hippocampus_052,114,671,1.4142135623730951,0.8573089218250508,1,3918,3361,0.8228601217269897,0.9347750261597488,0.9965120334844786,840,0.8921555158675643,0.02
0.8947368421052632,55,dice_plus_naive_hybrid,0.4702471166335088,hippocampus_052,114,670,1.4142135623730951,0.8575581395348837,1,3917,3361,0.8229025602340698,0.9347522679692952,0.9965108164689462,839,0.8922780983786754,0.02
0.8947368421052632,55,dice_plus_tolerance_hybrid,0.4702471166335088,hippocampus_052,114,670,1.4142135623730951,0.8575581395348837,1,3917,3361,0.8228599429130554,0.9347522679692952,0.9965108164689462,839,0.8922780983786754,0.02
0.8782654127481714,68,baseline,0.5332271578605441,hippocampus_052,159,756,1.4142135623730951,0.8324262389000286,1,3958,3361,0.8117822408676147,0.9113968033356498,0.995135510771369,983,0.8749829211640935,0.05
0.9079530638852673,42,dice_only,0.4177909394448905,hippocampus_052,86,604,1.4142135623730951,0.8763582966226138,1,3879,3361,0.8352818489074707,0.9404344779257183,0.9968465311843028,732,0.9046961325966851,0.05
0.907905035220454,43,dice_plus_band,0.41562670242848615,hippocampus_052,86,598,1.4142135623730951,0.8773890032343429,1,3873,3361,0.8356355428695679,0.940764107956537,0.9964949176305643,727,0.9054465026264861,0.05
0.9081419624217119,42,dice_plus_onecut,0.41655164187276666,hippocampus_052,87,599,1.4142135623730951,0.8771310993533216,1,3873,3361,0.8353451490402222,0.9411146161934806,0.997546442341395,728,0.9051700304119435,0.05
0.9086638830897703,42,dice_plus_naive_hybrid,0.4137475759772181,hippocampus_052,86,596,1.4142135623730951,0.8776470588235294,1,3871,3361,0.8355450630187988,0.9411146161934806,0.997546442341395,724,0.9056969026548672,0.05
0.9084268197234542,42,dice_plus_tolerance_hybrid,0.4161409959298106,hippocampus_052,86,601,1.4142135623730951,0.8766157461809636,1,3876,3361,0.835340678691864,0.9404135997195934,0.997546442341395,729,0.9050711620837364,0.05
0.8782654127481714,68,baseline,0.5332271578605441,hippocampus_052,159,756,1.4142135623730951,0.8324262389000286,1,3958,3361,0.8117822408676147,0.9113968033356498,0.995135510771369,983,0.8749829211640935,0.1
0.9190887666928516,34,dice_only,0.3767985286807187,hippocampus_052,74,541,1.4142135623730951,0.8890207715133531,1,3828,3361,0.8476043939590454,0.9486818980667838,0.9982425307557118,649,0.9144526359716233,0.1
0.9197692711064499,36,dice_plus_band,0.36675112958157,hippocampus_052,69,527,1.0,0.8924539512774807,1,3819,3361,0.8485277891159058,0.950756243404854,0.9975378121702427,632,0.916991643454039,0.1
0.9195703432014671,34,dice_plus_onecut,0.37315268554269276,hippocampus_052,72,536,1.0,0.8904719501335708,1,3825,3361,0.8478540182113647,0.9525650035137034,0.9982431482782853,642,0.9153910381296966,0.1
0.9200524246395806,35,dice_plus_naive_hybrid,0.36753188665901426,hippocampus_052,70,526,1.0,0.8926553672316384,1,3817,3361,0.8483154773712158,0.9525483304042179,0.9982425307557118,631,0.9169685149066592,0.1
0.9200524246395806,34,dice_plus_tolerance_hybrid,0.3728809415411464,hippocampus_052,72,535,1.0,0.8902077151335311,1,3824,3361,0.8478418588638306,0.9536028119507909,0.9982425307557118,641,0.915518441196938,0.1
0.8715853969874904,152,baseline,0.46596701868976076,hippocampus_065,57,738,1.4142135623730951,0.8533464566929134,1,4331,3650,0.818146824836731,0.932145305003427,0.9938313913639479,947,0.9003884225034456,0.02
0.8925318761384335,131,dice_only,0.38560368087314356,hippocampus_065,31,615,1.4142135623730951,0.8775055679287305,1,4234,3650,0.8288723826408386,0.9483293145022391,0.9955218739235274,777,0.9180618975139523,0.02
0.8925318761384335,132,dice_plus_band,0.38353685345323313,hippocampus_065,30,613,1.4142135623730951,0.8777227722772277,1,4233,3650,0.8288843631744385,0.9483293145022391,0.9955218739235274,775,0.9184320690092604,0.02
0.8925318761384335,131,dice_plus_onecut,0.38560368087314356,hippocampus_065,31,615,1.4142135623730951,0.8775055679287305,1,4234,3650,0.8288702368736267,0.9483293145022391,0.9955218739235274,777,0.9180618975139523,0.02
0.8925318761384335,132,dice_plus_naive_hybrid,0.3842257959265366,hippocampus_065,31,613,1.4142135623730951,0.8774449121069572,1,4232,3650,0.8288826942443848,0.9483293145022391,0.9955218739235274,776,0.9182948490230906,0.02
0.8925318761384335,131,dice_plus_tolerance_hybrid,0.38441731855616457,hippocampus_065,31,613,1.4142135623730951,0.8779400841792523,1,4232,3650,0.8288716077804565,0.9490006891798759,0.9958649207443143,775,0.9182948490230906,0.02
0.8715853969874904,152,baseline,0.46596701868976076,hippocampus_065,57,738,1.4142135623730951,0.8533464566929134,1,4331,3650,0.818146824836731,0.932145305003427,0.9938313913639479,947,0.9003884225034456,0.05
0.9072708113804004,118,dice_only,0.3230429706103489,hippocampus_065,19,514,1.0,0.8957239309827457,1,4145,3650,0.841554582118988,0.9600555748523792,0.9972212573810351,651,0.9316228351507376,0.05
0.908085330524098,119,dice_plus_band,0.31811341163102136,hippocampus_065,16,508,1.0,0.8966207759699625,1,4142,3650,0.8417772054672241,0.9607229753215155,0.997219325686479,643,0.9327515400410678,0.05
0.9069828722002635,118,dice_plus_onecut,0.3232868128098981,hippocampus_065,20,511,1.0,0.8963963963963963,1,4141,3650,0.841623067855835,0.9614583333333333,0.9972222222222222,649,0.9318444358875626,0.05
0.9077976817702845,119,dice_plus_naive_hybrid,0.31910532530153163,hippocampus_065,17,507,1.0,0.8968452679018528,1,4140,3650,0.8417370319366455,0.9614181438998958,0.997219325686479,643,0.9327342747111682,0.05
0.9072708113804004,118,dice_plus_tolerance_hybrid,0.3223570756833993,hippocampus_065,19,511,1.0,0.8963963963963963,1,4142,3650,0.8416177034378052,0.9614449461618617,0.9972212573810351,648,0.9319815195071869,0.05
0.8715853969874904,152,baseline,0.46596701868976076,hippocampus_065,57,738,1.4142135623730951,0.8533464566929134,1,4331,3650,0.818146824836731,0.932145305003427,0.9938313913639479,947,0.9003884225034456,0.1
0.9192645883293366,104,dice_only,0.2786358087304294,hippocampus_065,12,439,1.0,0.910417715148465,1,4077,3650,0.8545896410942078,0.9692737430167597,0.9979050279329609,555,0.9416332341141452,0.1
0.9212283044058746,106,dice_plus_band,0.2671525188221487,hippocampus_065,11,419,1.0,0.9124400706535453,1,4058,3650,0.8551826477050781,0.9723679608254634,0.9975515914655474,536,0.9442138038401661,0.1
0.92,104,dice_plus_onecut,0.2768148189085622,hippocampus_065,12,433,1.0,0.9111055149836313,1,4071,3650,0.8548010587692261,0.9727368053128277,0.9979028311779098,549,0.9423649786297111,0.1
0.9214743589743589,105,dice_plus_naive_hybrid,0.26873394286390484,hippocampus_065,11,421,1.0,0.9122541603630863,1,4060,3650,0.8550817370414734,0.9741168240643582,0.9979013641133263,537,0.9439688715953307,0.1
0.92,104,dice_plus_tolerance_hybrid,0.2768148189085622,hippocampus_065,12,433,1.0,0.9111055149836313,1,4071,3650,0.8547818064689636,0.9727368053128277,0.9979028311779098,549,0.9423649786297111,0.1
0.8628555336524922,153,baseline,0.4785312975454754,hippocampus_083,214,533,1.0,0.8387464387464387,1,3690,3371,0.8095471858978271,0.9655555555555555,0.9955555555555555,900,0.8942076193173771,0.02
0.8791146424517594,143,dice_only,0.4030841818513193,hippocampus_083,178,445,1.0,0.8614060258249642,1,3638,3371,0.8201882839202881,0.9690990320178704,0.9966492926284438,766,0.9111142816378941,0.02
0.8801817149346962,144,dice_plus_band,0.3996431391532108,hippocampus_083,177,440,1.0,0.8613264427217916,1,3634,3371,0.8202349543571472,0.969843633655994,0.996276991809382,761,0.9119200571020699,0.02
0.8792517006802721,143,dice_plus_onecut,0.402707597352056,hippocampus_083,176,446,1.0,0.8616532721010333,1,3641,3371,0.8201705813407898,0.9694599627560522,0.9966480446927374,765,0.9112949229891615,0.02
0.879500992344769,144,dice_plus_naive_hybrid,0.4009093004713312,hippocampus_083,176,443,1.0,0.8615738081562321,1,3638,3371,0.8202133178710938,0.9702048417132216,0.9966480446927374,763,0.9116849764588386,0.02
0.8792517006802721,143,dice_plus_tolerance_hybrid,0.402707597352056,hippocampus_083,176,446,1.0,0.8616532721010333,1,3641,3371,0.8201755285263062,0.9694599627560522,0.9966480446927374,765,0.9112949229891615,0.02
0.8628555336524922,153,baseline,0.4785312975454754,hippocampus_083,214,533,1.0,0.8387464387464387,1,3690,3371,0.8095471858978271,0.9655555555555555,0.9955555555555555,900,0.8942076193173771,0.05
0.8960778700257658,132,dice_only,0.3424338972231353,hippocampus_083,148,378,1.0,0.8772635814889336,1,3601,3371,0.8324083089828491,0.9742248785954427,0.9970115801270079,658,0.9245553643144004,0.05
0.8960778700257658,132,dice_plus_band,0.33944547735014313,hippocampus_083,148,374,1.0,0.878273381294964,1,3597,3371,0.8327392339706421,0.9742248785954427,0.9970115801270079,654,0.9250861079219288,0.05
0.896137339055794,132,dice_plus_onecut,0.343026271686201,hippocampus_083,147,379,1.0,0.8772635814889336,1,3603,3371,0.8324162364006042,0.9745984310795667,0.9970115801270079,658,0.9245770002867795,0.05
0.8963938179736691,132,dice_plus_naive_hybrid,0.34078495678145687,hippocampus_083,147,376,1.0,0.8777681909692263,1,3600,3371,0.832624614238739,0.9745984310795667,0.9970115801270079,655,0.9249748959977048,0.05
0.8963938179736691,132,dice_plus_tolerance_hybrid,0.34227916671795294,hippocampus_083,147,378,1.0,0.8772635814889336,1,3602,3371,0.832427978515625,0.9745984310795667,0.9970115801270079,657,0.9247095941488599,0.05
0.8628555336524922,153,baseline,0.4785312975454754,hippocampus_083,214,533,1.0,0.8387464387464387,1,3690,3371,0.8095471858978271,0.9655555555555555,0.9955555555555555,900,0.8942076193173771,0.1
0.9109826589595376,105,dice_only,0.30203030745809223,hippocampus_083,126,332,1.0,0.8967889908256881,1,3577,3371,0.8451225161552429,0.9787234042553191,0.9970138111235536,563,0.9340817501439264,0.1
0.9124024284475282,107,dice_plus_band,0.289437316082022,hippocampus_083,119,322,1.0,0.8990246701090074,1,3574,3371,0.8459886908531189,0.9787709497206704,0.9970204841713222,548,0.9365010799136069,0.1
0.911976911976912,105,dice_plus_onecut,0.2985832127799897,hippocampus_083,119,332,1.0,0.8979942693409743,1,3584,3371,0.8452610969543457,0.9809843400447428,0.9970171513795675,556,0.9351545650611072,0.1
0.9130811435171816,106,dice_plus_naive_hybrid,0.2894678737163872,hippocampus_083,115,324,1.0,0.8996559633027523,1,3580,3371,0.8457421064376831,0.9810197245999256,0.9970227018980276,545,0.9368436196230758,0.1
0.911976911976912,105,dice_plus_tolerance_hybrid,0.29894902627032327,hippocampus_083,121,331,1.0,0.8976197304273014,1,3581,3371,0.8452712893486023,0.9809772472957852,0.9970160387914957,557,0.9349827387802071,0.1
0.896566805160726,140,baseline,0.4727761024266151,hippocampus_088,116,750,1.4142135623730951,0.8236835210898611,1,4512,3878,0.8248540759086609,0.9394036550176339,0.9916639948701507,1006,0.8967818831942789,0.02
0.9180690876882197,107,dice_only,0.40626296157047675,hippocampus_088,77,650,1.0,0.8502491476527668,1,4451,3878,0.8365545272827148,0.9513374154044473,0.9945214308733483,834,0.912714611598031,0.02
0.9180690876882197,107,dice_plus_band,0.40357552576047967,hippocampus_088,75,646,1.0,0.8517449488323274,1,4449,3878,0.8366026282310486,0.9519509835536923,0.9945178974524347,828,0.9134141947880389,0.02
0.9180690876882197,107,dice_plus_onecut,0.40576006826325306,hippocampus_088,77,648,1.0,0.8506953555497245,1,4449,3878,0.8365572690963745,0.9523042217209152,0.9945214308733483,832,0.91293382971058,0.02
0.9180690876882197,107,dice_plus_naive_hybrid,0.4038264556303172,hippocampus_088,75,647,1.0,0.8515215110178384,1,4450,3878,0.8365894556045532,0.9523042217209152,0.9945214308733483,829,0.9133045148895294,0.02
0.9180690876882197,107,dice_plus_tolerance_hybrid,0.4056576392444983,hippocampus_088,77,648,1.0,0.8506953555497245,1,4449,3878,0.8365565538406372,0.9523042217209152,0.9945214308733483,832,0.91293382971058,0.02
0.896566805160726,140,baseline,0.4727761024266151,hippocampus_088,116,750,1.4142135623730951,0.8236835210898611,1,4512,3878,0.8248540759086609,0.9394036550176339,0.9916639948701507,1006,0.8967818831942789,0.05
0.9330347144456886,83,dice_only,0.346808629652239,hippocampus_088,55,562,1.0,0.8725645076355977,1,4385,3878,0.849320113658905,0.9592233009708738,0.9957928802588997,700,0.9253297833716568,0.05
0.9341692789968652,85,dice_plus_band,0.34101522335328566,hippocampus_088,51,554,1.0,0.8731874505668337,1,4381,3878,0.8496798276901245,0.9601812884428618,0.995791518290709,690,0.9267465794890423,0.05
0.9326169688829192,85,dice_plus_onecut,0.3460052568794666,hippocampus_088,56,559,1.0,0.8723628691983122,1,4381,3878,0.8494181632995605,0.9605050178051149,0.9961152476529621,700,0.9255357791500182,0.05
0.9334826427771556,85,dice_plus_naive_hybrid,0.3414730458079224,hippocampus_088,53,554,1.0,0.8734177215189873,1,4379,3878,0.8496021032333374,0.9605050178051149,0.9961152476529621,692,0.9264866174155262,0.05
0.9326169688829192,85,dice_plus_tolerance_hybrid,0.3460052568794666,hippocampus_088,56,559,1.0,0.8723628691983122,1,4381,3878,0.8494125604629517,0.9605050178051149,0.9961152476529621,700,0.9255357791500182,0.05
0.896566805160726,140,baseline,0.4727761024266151,hippocampus_088,116,750,1.4142135623730951,0.8236835210898611,1,4512,3878,0.8248540759086609,0.9394036550176339,0.9916639948701507,1006,0.8967818831942789,0.1
0.94361750112765,74,dice_only,0.29899402242831047,hippocampus_088,41,487,1.0,0.8869426751592356,1,4324,3878,0.8617715835571289,0.966818477553676,0.9967469095640858,602,0.9356254572055597,0.1
0.9444945848375451,75,dice_plus_band,0.2929247995629906,hippocampus_088,39,475,1.0,0.8888297872340426,1,4314,3878,0.8626598119735718,0.9677734375,0.9967447916666666,589,0.937255859375,0.1
0.9434047350620067,75,dice_plus_onecut,0.2970315585742719,hippocampus_088,40,482,1.0,0.8881211799096466,1,4320,3878,0.8620456457138062,0.9687703318152244,0.9977228366948602,597,0.9363259331544279,0.1
0.9442815249266863,75,dice_plus_naive_hybrid,0.2941213233254854,hippocampus_088,38,476,1.0,0.8891252326508907,1,4316,3878,0.8624765872955322,0.9693910778248128,0.9977206121784435,589,0.9372711740297779,0.1
0.9434047350620067,75,dice_plus_tolerance_hybrid,0.2970315585742719,hippocampus_088,41,482,1.0,0.88782562466773,1,4319,3878,0.8620303869247437,0.9687703318152244,0.9977228366948602,598,0.9361961693302427,0.1
0.9220747889022919,12,baseline,0.42738210290290757,hippocampus_090,230,502,1.0,0.8951319932186971,1,4273,4001,0.8435956239700317,0.9524623803009576,0.988030095759234,744,0.911530094271211,0.02
0.9383545214679779,0,dice_only,0.3442820186794294,hippocampus_090,152,435,1.0,0.9198250728862973,1,4284,4001,0.8551648855209351,0.960328317373461,0.9900820793433652,587,0.9291490645745323,0.02
0.9388342528184217,0,dice_plus_band,0.34131258462701697,hippocampus_090,149,433,1.0,0.9205732329366043,1,4285,4001,0.8552483320236206,0.9603554340396445,0.9900888585099111,582,0.9297610427226647,0.02
0.9383545214679779,0,dice_plus_onecut,0.3447302196235993,hippocampus_090,152,437,1.0,0.9193783389995144,1,4286,4001,0.855165421962738,0.9603554340396445,0.9900888585099111,589,0.9289248220103777,0.02
0.9383545214679779,0,dice_plus_naive_hybrid,0.343138674399539,hippocampus_090,151,434,1.0,0.9203109815354713,1,4284,4001,0.8552206754684448,0.9603418803418804,0.9900854700854701,585,0.9293904646952323,0.02
0.9383545214679779,0,dice_plus_tolerance_hybrid,0.3442820186794294,hippocampus_090,152,435,1.0,0.9198250728862973,1,4284,4001,0.85516357421875,0.960328317373461,0.9900820793433652,587,0.9291490645745323,0.02
0.9220747889022919,12,baseline,0.42738210290290757,hippocampus_090,230,502,1.0,0.8951319932186971,1,4273,4001,0.8435956239700317,0.9524623803009576,0.988030095759234,744,0.911530094271211,0.05
0.948051948051948,0,dice_only,0.28548388720499024,hippocampus_090,114,369,1.0,0.9348621615028055,1,4256,4001,0.8672641515731812,0.9671794871794872,0.9917948717948718,483,0.9415041782729805,0.05
0.9492422420014434,0,dice_plus_band,0.2791391766568488,hippocampus_090,108,365,1.0,0.9361287176986836,1,4258,4001,0.8676730394363403,0.9672019132217288,0.9918004783054322,473,0.9427291439641603,0.05
0.948051948051948,0,dice_plus_onecut,0.2848975273852929,hippocampus_090,114,368,1.0,0.9350902879453392,1,4255,4001,0.8673224449157715,0.9675102599179206,0.9917920656634747,482,0.9416182170542635,0.05
0.949013949013949,0,dice_plus_naive_hybrid,0.2810394427605458,hippocampus_090,111,365,1.0,0.9355783308931186,1,4255,4001,0.8675535917282104,0.9675213675213675,0.9917948717948718,476,0.9423449612403101,0.05
0.948051948051948,0,dice_plus_tolerance_hybrid,0.2848975273852929,hippocampus_090,114,368,1.0,0.9350902879453392,1,4255,4001,0.8673169612884521,0.9675102599179206,0.9917920656634747,482,0.9416182170542635,0.05
0.9220747889022919,12,baseline,0.42738210290290757,hippocampus_090,230,502,1.0,0.8951319932186971,1,4273,4001,0.8435956239700317,0.9524623803009576,0.988030095759234,744,0.911530094271211,0.1
0.9573185435254401,0,dice_only,0.23832139203477765,hippocampus_090,81,317,1.0,0.9459789782449279,1,4237,4001,0.8789006471633911,0.9713114754098361,0.992827868852459,398,0.9516873027433843,0.1
0.9602122015915119,0,dice_plus_band,0.22393867325547295,hippocampus_090,71,302,1.0,0.9490944689182574,1,4232,4001,0.8797168135643005,0.9726589200273411,0.992822966507177,373,0.9546945220454269,0.1
0.9580722891566265,0,dice_plus_onecut,0.23564778567771297,hippocampus_090,78,314,1.0,0.9466731898238747,1,4237,4001,0.8790746927261353,0.9733788395904437,0.9935153583617747,392,0.9524156348628308,0.1
0.959479015918958,0,dice_plus_naive_hybrid,0.23015332132145097,hippocampus_090,77,305,1.0,0.9476003917727718,1,4229,4001,0.8795064687728882,0.9726682610181073,0.9928254185172531,382,0.953584447144593,0.1
0.9578211617257171,0,dice_plus_tolerance_hybrid,0.23498683481066754,hippocampus_090,79,313,1.0,0.9469048201614877,1,4235,4001,0.879064679145813,0.9726869238648003,0.9935131444178901,392,0.9524040796503157,0.1
0.9012032932235592,59,baseline,0.47598291387010583,hippocampus_092,105,642,1.4142135623730951,0.849030849030849,1,3679,3142,0.8177253007888794,0.9366359447004609,0.9938556067588326,806,0.8904852660900161,0.02
0.9256778309409889,29,dice_only,0.4091536047588257,hippocampus_092,67,568,1.4142135623730951,0.873972602739726,1,3643,3142,0.8295049071311951,0.9473684210526315,0.9957741067998463,664,0.9064112011790715,0.02
0.9256778309409889,30,dice_plus_band,0.407930347246145,hippocampus_092,67,564,1.4142135623730951,0.8743828853538124,1,3639,3142,0.8295577764511108,0.9473279507881583,0.9957708573625529,661,0.9069458781890577,0.02
0.9256778309409889,29,dice_plus_onecut,0.4081699405512517,hippocampus_092,67,566,1.4142135623730951,0.8744517543859649,1,3641,3142,0.8295072913169861,0.948905109489051,0.9957741067998463,662,0.9066784608580274,0.02
0.9256778309409889,30,dice_plus_naive_hybrid,0.40754587973364986,hippocampus_092,67,564,1.4142135623730951,0.8743828853538124,1,3639,3142,0.8295428156852722,0.9477124183006536,0.9957708573625529,661,0.9069458781890577,0.02
0.9256778309409889,29,dice_plus_tolerance_hybrid,0.4085422110634986,hippocampus_092,67,567,1.4142135623730951,0.8742121129076459,1,3642,3142,0.829507052898407,0.9477325134511914,0.995772482705611,663,0.9065448113207547,0.02
0.9012032932235592,59,baseline,0.47598291387010583,hippocampus_092,105,642,1.4142135623730951,0.849030849030849,1,3679,3142,0.8177253007888794,0.9366359447004609,0.9938556067588326,806,0.8904852660900161,0.05
0.938749194068343,12,dice_only,0.36011406320585215,hippocampus_092,51,503,1.0,0.8932305998899285,1,3594,3142,0.8417050242424011,0.9560015438054805,0.9972983404091085,566,0.9177553444180523,0.05
0.94,12,dice_plus_band,0.35435814230653734,hippocampus_092,49,495,1.0,0.8947658402203856,1,3588,3142,0.8420859575271606,0.955984555984556,0.9972972972972973,556,0.9191679049034175,0.05
0.9384466645182082,12,dice_plus_onecut,0.3591982575130479,hippocampus_092,51,502,1.0,0.8937224669603524,1,3593,3142,0.8417840003967285,0.9567567567567568,0.9972972972972973,565,0.9178916109873794,0.05
0.9390519187358917,12,dice_plus_naive_hybrid,0.3566332510462704,hippocampus_092,50,498,1.0,0.8945194161388047,1,3590,3142,0.8419885039329529,0.9567400540749325,0.9972962533796833,560,0.9185977421271538,0.05
0.938749194068343,12,dice_plus_tolerance_hybrid,0.3585644986322109,hippocampus_092,51,500,1.0,0.8939686036904434,1,3591,3142,0.8417749404907227,0.9567400540749325,0.9976825028968713,563,0.9181642655577009,0.05
0.9012032932235592,59,baseline,0.47598291387010583,hippocampus_092,105,642,1.4142135623730951,0.849030849030849,1,3679,3142,0.8177253007888794,0.9366359447004609,0.9938556067588326,806,0.8904852660900161,0.1
0.954116498535633,1,dice_only,0.30554857465957674,hippocampus_092,36,430,1.0,0.9092926490984743,1,3536,3142,0.8532058596611023,0.9655439411536972,0.9984514130855594,467,0.9302186283318359,0.1
0.954737870400521,2,dice_plus_band,0.2950714725314337,hippocampus_092,36,414,1.0,0.9122807017543859,1,3520,3142,0.8541275262832642,0.9670414889492052,0.9984490112446684,452,0.9324527169018313,0.1
0.954116498535633,1,dice_plus_onecut,0.30208072288392657,hippocampus_092,36,424,1.0,0.910808557932759,1,3530,3142,0.853416919708252,0.9666666666666667,0.9988372093023256,461,0.9310551558752997,0.1
0.9538061158100195,2,dice_plus_naive_hybrid,0.2988330727358789,hippocampus_092,36,420,1.0,0.9115191986644408,1,3526,3142,0.8538949489593506,0.9674418604651163,0.9984496124031008,458,0.9316136772645471,0.1
0.954116498535633,1,dice_plus_tolerance_hybrid,0.30208072288392657,hippocampus_092,36,424,1.0,0.910808557932759,1,3530,3142,0.853393018245697,0.9666666666666667,0.9988372093023256,461,0.9310551558752997,0.1
0.8763670946267237,145,baseline,0.5081171782301561,hippocampus_095,276,564,1.4142135623730951,0.8329682365826944,1,4073,3785,0.8171564340591431,0.9408470423521176,0.9957997899894995,985,0.8931025706286587,0.02
0.899952807928268,119,dice_only,0.43349934313628485,hippocampus_095,216,488,1.0,0.8562708102108768,1,4057,3785,0.828894317150116,0.9538300104931794,0.9965022735222105,823,0.9102269829125224,0.02
0.9001652112343639,119,dice_plus_band,0.4319015472451499,hippocampus_095,215,486,1.0,0.8568257491675916,1,4056,3785,0.8289234042167664,0.9538138558432471,0.9965010496850945,820,0.910598137992603,0.02
0.8997405048360463,119,dice_plus_onecut,0.43400091743409325,hippocampus_095,216,488,1.0,0.8565084651679157,1,4057,3785,0.8288681507110596,0.9538138558432471,0.9965010496850945,823,0.9102269829125224,0.02
0.899952807928268,119,dice_plus_naive_hybrid,0.432601337308131,hippocampus_095,215,487,1.0,0.8568257491675916,1,4057,3785,0.8289045095443726,0.9538138558432471,0.9965010496850945,821,0.9104820198928845,0.02
0.8997405048360463,119,dice_plus_tolerance_hybrid,0.4341988884318428,hippocampus_095,216,489,1.0,0.8562708102108768,1,4058,3785,0.8288673758506775,0.9538300104931794,0.9965022735222105,824,0.9101109269412214,0.02
0.8763670946267237,145,baseline,0.5081171782301561,hippocampus_095,276,564,1.4142135623730951,0.8329682365826944,1,4073,3785,0.8171564340591431,0.9408470423521176,0.9957997899894995,985,0.8931025706286587,0.05
0.9179559306141585,92,dice_only,0.38135988903358126,hippocampus_095,177,435,1.0,0.8747894441325098,1,4043,3785,0.8423751592636108,0.9615384615384616,0.9972027972027973,704,0.9218191108840061,0.05
0.9186400937866354,96,dice_plus_band,0.37301386566943795,hippocampus_095,169,429,1.0,0.8757363253856942,1,4045,3785,0.8426928520202637,0.962574326687653,0.9972018188177685,694,0.9236270753512132,0.05
0.9174484052532833,95,dice_plus_onecut,0.3791160324330981,hippocampus_095,175,433,1.0,0.8748597081930415,1,4043,3785,0.8423904180526733,0.9632738719832109,0.9975515914655474,703,0.9223300970873787,0.05
0.9177022274325909,95,dice_plus_naive_hybrid,0.37791068273834316,hippocampus_095,173,433,1.0,0.8751753155680224,1,4045,3785,0.8425895571708679,0.962574326687653,0.9972018188177685,701,0.9226053639846743,0.05
0.9174484052532833,95,dice_plus_tolerance_hybrid,0.3794779546463638,hippocampus_095,175,434,1.0,0.8746143057503506,1,4044,3785,0.8423799276351929,0.9629370629370629,0.9975524475524475,704,0.9222122876484864,0.05
0.8763670946267237,145,baseline,0.5081171782301561,hippocampus_095,276,564,1.4142135623730951,0.8329682365826944,1,4073,3785,0.8171564340591431,0.9408470423521176,0.9957997899894995,985,0.8931025706286587,0.1
0.9306884480746791,76,dice_only,0.33639660817417805,hippocampus_095,150,385,1.0,0.8892045454545454,1,4020,3785,0.8553075194358826,0.968870234347674,0.9979013641133263,611,0.931454196028187,0.1
0.9332711152589828,76,dice_plus_band,0.31986802581811713,hippocampus_095,140,367,1.0,0.8937624608373683,1,4012,3785,0.8561968803405762,0.9713086074177747,0.9982505248425473,583,0.9349749903809157,0.1
0.9311873104735247,76,dice_plus_onecut,0.33342903327538814,hippocampus_095,148,381,1.0,0.8902161547212741,1,4018,3785,0.8554942011833191,0.9723582925122464,0.9982505248425473,605,0.9322055619633475,0.1
0.932618325950105,76,dice_plus_naive_hybrid,0.32328207736216213,hippocampus_095,141,372,1.0,0.8929384965831435,1,4016,3785,0.8559720516204834,0.9727081875437369,0.9982505248425473,589,0.9342392001025509,0.1
0.9309379374708353,76,dice_plus_tolerance_hybrid,0.33447568475693096,hippocampus_095,149,382,1.0,0.8899630366789878,1,4018,3785,0.8554567098617554,0.9709485474273714,0.9982499124956248,607,0.9319492502883506,0.1
0.8838371221583812,170,baseline,0.39202565462399175,hippocampus_107,201,503,1.0,0.8618468146027202,1,4248,3946,0.8304855227470398,0.9626047711154094,0.9974210186976145,874,0.914083475713937,0.02
0.9008470353761834,164,dice_only,0.32794955032219303,hippocampus_107,140,443,1.0,0.8773020808419039,1,4249,3946,0.8408399820327759,0.9680953915565582,0.9987109249113761,747,0.9288590604026845,0.02
0.9011700273836196,165,dice_plus_band,0.32558874183304287,hippocampus_107,137,442,1.0,0.877511961722488,1,4251,3946,0.8409028053283691,0.9681056701030928,0.9987113402061856,744,0.9293644016103453,0.02
0.9010221889803042,164,dice_plus_onecut,0.3263271662673695,hippocampus_107,142,438,1.0,0.8776633947809432,1,4242,3946,0.8408336639404297,0.9723027375201289,0.9990338164251208,744,0.9291646311675623,0.02
0.9013452914798207,164,dice_plus_naive_hybrid,0.32501008342211046,hippocampus_107,139,439,1.0,0.8779320248922929,1,4246,3946,0.8408797979354858,0.971033150949469,0.9990344383649823,742,0.929443359375,0.02
0.9005731373037628,164,dice_plus_tolerance_hybrid,0.3272882427544055,hippocampus_107,142,440,1.0,0.8776633947809432,1,4244,3946,0.8408319354057312,0.9710051546391752,0.9990335051546392,746,0.928937728937729,0.02
0.8838371221583812,170,baseline,0.39202565462399175,hippocampus_107,201,503,1.0,0.8618468146027202,1,4248,3946,0.8304855227470398,0.9626047711154094,0.9974210186976145,874,0.914083475713937,0.05
0.9147286821705426,155,dice_only,0.26568415426632946,hippocampus_107,112,356,1.0,0.8943678994440416,1,4190,3946,0.8521922826766968,0.9751612903225807,0.9993548387096775,623,0.9424778761061947,0.05
0.9159159159159159,155,dice_plus_band,0.2587983401356786,hippocampus_107,107,350,1.0,0.8958685672867842,1,4189,3946,0.8525392413139343,0.9758220502901354,0.9993552546744036,612,0.9438229870928089,0.05
0.9146860145108832,155,dice_plus_onecut,0.2664804335453116,hippocampus_107,113,356,1.0,0.8941517641372644,1,4189,3946,0.8522354960441589,0.9761136216914138,0.999677211103938,624,0.9423478795328826,0.05
0.9156867650738053,155,dice_plus_naive_hybrid,0.26179238165270174,hippocampus_107,109,352,1.0,0.8951184146930884,1,4189,3946,0.8524374961853027,0.9761290322580645,0.9996774193548387,616,0.9433312845728334,0.05
0.9146860145108832,155,dice_plus_tolerance_hybrid,0.2664804335453116,hippocampus_107,113,356,1.0,0.8941517641372644,1,4189,3946,0.8522288799285889,0.9761136216914138,0.999677211103938,624,0.9423478795328826,0.05
0.8838371221583812,170,baseline,0.39202565462399175,hippocampus_107,201,503,1.0,0.8618468146027202,1,4248,3946,0.8304855227470398,0.9626047711154094,0.9974210186976145,874,0.914083475713937,0.1
0.922113698973203,151,dice_only,0.23007015846556703,hippocampus_107,93,304,1.0,0.905596107055961,1,4157,3946,0.8632590174674988,0.9789848043970255,0.9996766892984158,548,0.9510058003208688,0.1
0.9251189581768094,151,dice_plus_band,0.21672353457269156,hippocampus_107,86,290,1.0,0.9076285644650256,1,4150,3946,0.8640875220298767,0.9793348401679044,0.9996771068776235,527,0.9535573122529645,0.1
0.9223446893787575,151,dice_plus_onecut,0.2300824012044053,hippocampus_107,93,304,1.0,0.9053758209681343,1,4157,3946,0.8634220361709595,0.9793148028442146,0.9996767937944409,548,0.9510058003208688,0.1
0.9243865798698047,151,dice_plus_naive_hybrid,0.22115048005300705,hippocampus_107,87,295,1.0,0.9069654164637116,1,4154,3946,0.8638676404953003,0.9796445880452342,0.9996768982229403,533,0.9528395061728395,0.1
0.922113698973203,151,dice_plus_tolerance_hybrid,0.2301690040461736,hippocampus_107,93,304,1.0,0.905596107055961,1,4157,3946,0.8634052276611328,0.9799612152553329,0.9996767937944409,548,0.9510058003208688,0.1
0.9000452284034374,117,baseline,0.41899413536804625,hippocampus_108,111,631,1.0,0.8657616892911011,1,4460,3940,0.8357721567153931,0.9521154476877665,0.9881928501147917,859,0.9116666666666666,0.02
0.9192034790569924,88,dice_only,0.35261018363686336,hippocampus_108,79,540,1.0,0.8887210473313192,1,4401,3940,0.846831738948822,0.958127266732608,0.9897790966040224,707,0.9257882747871958,0.02
0.9194139194139194,88,dice_plus_band,0.3502034599045221,hippocampus_108,78,535,1.0,0.889896699420509,1,4397,3940,0.846901535987854,0.9580996370834708,0.9897723523589574,701,0.9264723521650474,0.02
0.9192034790569924,88,dice_plus_onecut,0.35223441981875503,hippocampus_108,79,539,1.0,0.8889448501636867,1,4400,3940,0.8468381762504578,0.958127266732608,0.990108803165183,706,0.9258992805755396,0.02
0.9194139194139194,88,dice_plus_naive_hybrid,0.3507015156036557,hippocampus_108,78,536,1.0,0.8896725440806046,1,4398,3940,0.8468824625015259,0.95811345646438,0.9901055408970977,702,0.9263612377068842,0.02
0.9192034790569924,88,dice_plus_tolerance_hybrid,0.35223441981875503,hippocampus_108,79,539,1.0,0.8889448501636867,1,4400,3940,0.8468351364135742,0.958127266732608,0.990108803165183,706,0.9258992805755396,0.02
0.9000452284034374,117,baseline,0.41899413536804625,hippocampus_108,111,631,1.0,0.8657616892911011,1,4460,3940,0.8357721567153931,0.9521154476877665,0.9881928501147917,859,0.9116666666666666,0.05
0.9285550195267631,86,dice_only,0.30558313648153757,hippocampus_108,58,471,1.0,0.9010152284263959,1,4353,3940,0.8577689528465271,0.9622015915119363,0.991710875331565,615,0.9362112625105511,0.05
0.9296551724137931,86,dice_plus_band,0.29977124792821597,hippocampus_108,56,462,1.0,0.9024390243902439,1,4346,3940,0.8581578135490417,0.9628524046434495,0.9917081260364843,604,0.9374849143132995,0.05
0.9287683823529411,86,dice_plus_onecut,0.3045138871799801,hippocampus_108,58,467,1.0,0.9017018034036068,1,4349,3940,0.8578639030456543,0.9625331564986738,0.9923740053050398,611,0.936663047412233,0.05
0.9294415076993795,86,dice_plus_naive_hybrid,0.30092355988397673,hippocampus_108,56,462,1.0,0.9026683608640407,1,4346,3940,0.8580660820007324,0.9631962864721485,0.9923740053050398,604,0.9374849143132995,0.05
0.9287683823529411,86,dice_plus_tolerance_hybrid,0.30472465458395614,hippocampus_108,58,468,1.0,0.9014728288471305,1,4350,3940,0.8578571677207947,0.9625331564986738,0.9923740053050398,612,0.9365500603136309,0.05
0.9000452284034374,117,baseline,0.41899413536804625,hippocampus_108,111,631,1.0,0.8657616892911011,1,4460,3940,0.8357721567153931,0.9521154476877665,0.9881928501147917,859,0.9116666666666666,0.1
0.9367205542725173,83,dice_only,0.26598870222903126,hippocampus_108,48,404,1.0,0.9119303635432667,1,4296,3940,0.8680002093315125,0.9692718770875084,0.9939879759519038,535,0.9451189898008742,0.1
0.938049006010171,85,dice_plus_band,0.2576895850488993,hippocampus_108,46,389,1.0,0.9135232229920451,1,4283,3940,0.8688119649887085,0.9702341137123746,0.9939799331103679,520,0.9470995986866108,0.1
0.9371534195933456,83,dice_plus_onecut,0.26304139027346285,hippocampus_108,48,397,1.0,0.9130992053319662,1,4289,3940,0.8682390451431274,0.9726210350584307,0.994991652754591,528,0.9459229554016284,0.1
0.9373989373989374,85,dice_plus_naive_hybrid,0.25928203066389227,hippocampus_108,46,393,1.0,0.9132888660851719,1,4287,3940,0.8686348795890808,0.972630173564753,0.9949933244325768,524,0.9466391151087882,0.1
0.9371534195933456,83,dice_plus_tolerance_hybrid,0.2624049582906435,hippocampus_108,48,396,1.0,0.9133333333333333,1,4288,3940,0.8682352900505066,0.9729639519359146,0.9956608811748998,527,0.9460379192999514,0.1
0.8842398884239888,25,baseline,0.5959420804996424,hippocampus_123,161,801,1.4142135623730951,0.8300597779675492,3,3869,3229,0.812219500541687,0.8979963570127505,0.9770491803278688,987,0.8644688644688645,0.02
0.9076620825147348,10,dice_only,0.5189165009105577,hippocampus_123,119,714,1.4142135623730951,0.8498567335243553,1,3824,3229,0.8237349987030029,0.9153166421207658,0.9830633284241531,843,0.8818942294059265,0.02
0.9079685746352413,10,dice_plus_band,0.5153587738078091,hippocampus_123,118,709,1.4142135623730951,0.8510760401721664,1,3820,3229,0.8238114714622498,0.9152854511970534,0.9826887661141804,837,0.8826783940984537,0.02
0.9074074074074074,10,dice_plus_onecut,0.5189036137202134,hippocampus_123,119,713,1.4142135623730951,0.8503440366972477,1,3823,3229,0.8237462043762207,0.9156537753222836,0.9834254143646409,842,0.8820192853091322,0.02
0.9076620825147348,10,dice_plus_naive_hybrid,0.5165155899964551,hippocampus_123,119,709,1.4142135623730951,0.8510760401721664,1,3819,3229,0.8237944841384888,0.9156226971260133,0.9834193072955048,838,0.8825198637911464,0.02
0.9074074074074074,10,dice_plus_tolerance_hybrid,0.5192332565584508,hippocampus_123,119,714,1.4142135623730951,0.8501003152765836,1,3824,3229,0.8237427473068237,0.9153166421207658,0.9834315169366715,843,0.8818942294059265,0.02
0.8842398884239888,25,baseline,0.5959420804996424,hippocampus_123,161,801,1.4142135623730951,0.8300597779675492,3,3869,3229,0.812219500541687,0.8979963570127505,0.9770491803278688,987,0.8644688644688645,0.05
0.9222535211267605,6,dice_only,0.4536674705532416,hippocampus_123,92,631,1.4142135623730951,0.8668407310704961,1,3768,3229,0.8357090950012207,0.9277019549981557,0.9859830320914792,729,0.896670001429184,0.05
0.9233802816901409,6,dice_plus_band,0.4489859409965777,hippocampus_123,90,625,1.4142135623730951,0.8678478071449317,1,3764,3229,0.8361802101135254,0.9295722713864307,0.9859882005899705,721,0.8977548977548978,0.05
0.9230335494784325,6,dice_plus_onecut,0.4515832648948599,hippocampus_123,92,627,1.4142135623730951,0.8670922809053976,1,3764,3229,0.8358497023582458,0.9284396901512357,0.9863518996680192,725,0.8971828971828972,0.05
0.9233802816901409,6,dice_plus_naive_hybrid,0.45061360086470936,hippocampus_123,90,626,1.4142135623730951,0.867595818815331,1,3765,3229,0.8360864520072937,0.9284660766961652,0.9859882005899705,722,0.8976265370317414,0.05
0.9227733934611049,6,dice_plus_tolerance_hybrid,0.451888844800705,hippocampus_123,92,627,1.4142135623730951,0.8673439767779391,1,3764,3229,0.8358373641967773,0.9277019549981557,0.9863518996680192,725,0.8971828971828972,0.05
0.8842398884239888,25,baseline,0.5959420804996424,hippocampus_123,161,801,1.4142135623730951,0.8300597779675492,3,3869,3229,0.812219500541687,0.8979963570127505,0.9770491803278688,987,0.8644688644688645,0.1
0.9331823329558324,3,dice_only,0.4032014334116222,hippocampus_123,78,552,1.4142135623730951,0.8823529411764706,1,3703,3229,0.8472169637680054,0.9452054794520548,0.9874120696038504,633,0.9091171379111368,0.1
0.9345794392523364,3,dice_plus_band,0.39384822866492564,hippocampus_123,75,539,1.4142135623730951,0.8852845768209967,1,3693,3229,0.8483002185821533,0.947037037037037,0.9874074074074074,617,0.9112973129153424,0.1
0.9334466156896063,3,dice_plus_onecut,0.4007544829517382,hippocampus_123,78,546,1.4142135623730951,0.8836524300441826,1,3697,3229,0.8475410342216492,0.9462962962962963,0.9877777777777778,627,0.9099047069015305,0.1
0.9343148357870895,3,dice_plus_naive_hybrid,0.3957573963911574,hippocampus_123,75,541,1.4142135623730951,0.8850235849056604,1,3695,3229,0.8480717539787292,0.9466864124398371,0.987782302850796,619,0.9110340843443097,0.1
0.9337110481586403,3,dice_plus_tolerance_hybrid,0.4010120252820698,hippocampus_123,78,546,1.4142135623730951,0.8833922261484098,1,3697,3229,0.8475147485733032,0.9459459459459459,0.987782302850796,627,0.9099047069015305,0.1
0.8202739726027397,88,baseline,0.902093097968933,hippocampus_125,82,1264,2.449489742783178,0.7097855227882037,1,3908,2726,0.742668092250824,0.7457337883959044,0.9040102389078498,1434,0.7971058185107024,0.02
0.8460905349794239,62,dice_only,0.8201075718202686,hippocampus_125,61,1140,2.449489742783178,0.7352737352737353,1,3805,2726,0.7543367147445679,0.7717626678215678,0.9155478562148116,1263,0.816107793599755,0.02
0.8467874794069192,63,dice_plus_band,0.8159598809077381,hippocampus_125,60,1134,2.449489742783178,0.7357836338418863,1,3800,2726,0.7543568015098572,0.7756604590731918,0.9151147682979645,1257,0.8170395341710083,0.02
0.8467874794069192,62,dice_plus_onecut,0.8189654315408305,hippocampus_125,61,1137,2.449489742783178,0.7352737352737353,1,3802,2726,0.7543351054191589,0.7749891821722198,0.9160536564257897,1260,0.8164828431372549,0.02
0.8471687740516768,63,dice_plus_naive_hybrid,0.8152445449041066,hippocampus_125,61,1130,2.449489742783178,0.7360388484217829,1,3795,2726,0.7543613910675049,0.7761904761904762,0.9160173160173161,1254,0.8173593007207484,0.02
0.8465550370573703,62,dice_plus_tolerance_hybrid,0.8195969579007965,hippocampus_125,61,1139,2.449489742783178,0.7350190509179079,1,3804,2726,0.7543224096298218,0.7728256166161834,0.9160536564257897,1262,0.8162327718223583,0.02
0.8202739726027397,88,baseline,0.902093097968933,hippocampus_125,82,1264,2.449489742783178,0.7097855227882037,1,3908,2726,0.742668092250824,0.7457337883959044,0.9040102389078498,1434,0.7971058185107024,0.05
0.8626038781163435,53,dice_only,0.7498575276272821,hippocampus_125,54,1022,2.23606797749979,0.7558718861209964,1,3694,2726,0.7671005129814148,0.7973684210526316,0.9307017543859649,1129,0.832398753894081,0.05
0.8642659279778393,53,dice_plus_band,0.7413583718847868,hippocampus_125,51,1010,2.23606797749979,0.7583006069260978,1,3685,2726,0.7674850821495056,0.800702370500439,0.9297629499561019,1114,0.834503197629075,0.05
0.8634727222376073,53,dice_plus_onecut,0.7455521478769883,hippocampus_125,52,1014,2.23606797749979,0.7577595433464146,1,3688,2726,0.7673987150192261,0.8009666080843585,0.9323374340949033,1119,0.8338010601808544,0.05
0.8639512330285397,53,dice_plus_naive_hybrid,0.741023964180261,hippocampus_125,52,1011,2.23606797749979,0.7580299785867237,1,3685,2726,0.7675294280052185,0.8010540184453228,0.9310496267018006,1116,0.8341912338168772,0.05
0.8634727222376073,53,dice_plus_tolerance_hybrid,0.7446365984366061,hippocampus_125,52,1013,2.23606797749979,0.7580299785867237,1,3687,2726,0.7673892974853516,0.8013186813186813,0.9327472527472528,1118,0.8339310774988306,0.05
0.8202739726027397,88,baseline,0.902093097968933,hippocampus_125,82,1264,2.449489742783178,0.7097855227882037,1,3908,2726,0.742668092250824,0.7457337883959044,0.9040102389078498,1434,0.7971058185107024,0.1
0.8752783964365256,46,dice_only,0.6856997735863253,hippocampus_125,46,924,2.23606797749979,0.7757487216946677,1,3604,2726,0.7811195254325867,0.8212389380530973,0.9389380530973451,1016,0.8467614533965245,0.1
0.8783482142857143,47,dice_plus_band,0.6659767141979027,hippocampus_125,43,897,2.23606797749979,0.7803085966201323,1,3580,2726,0.7822169661521912,0.8263950398582817,0.9384410983170948,987,0.8509356168728195,0.1
0.8756967670011149,47,dice_plus_onecut,0.6764473497170057,hippocampus_125,46,905,2.23606797749979,0.7800220345207491,1,3585,2726,0.7819204330444336,0.8260292164674635,0.9451084550686144,998,0.849310727301537,0.1
0.8773006134969326,47,dice_plus_naive_hybrid,0.6692894151632075,hippocampus_125,44,898,2.23606797749979,0.7808823529411765,1,3580,2726,0.7822781801223755,0.8283052351375333,0.940550133096717,989,0.8506184586108468,0.1
0.8759408976860886,47,dice_plus_tolerance_hybrid,0.6743826667216406,hippocampus_125,46,901,2.23606797749979,0.7808823529411765,1,3581,2726,0.7819316387176514,0.8263950398582817,0.9464127546501329,994,0.8498493737117488,0.1
0.8686930091185411,82,baseline,0.5094084568813148,hippocampus_157,162,693,1.4142135623730951,0.8512040557667934,1,3883,3352,0.8169779181480408,0.9426172148355494,0.9944016794961511,937,0.8818244644091223,0.02
0.8903345724907064,59,dice_only,0.4351383104272517,hippocampus_157,122,605,1.0,0.8759787825208386,1,3835,3352,0.8279777765274048,0.9537653239929947,0.9957968476357268,786,0.8988451370530124,0.02
0.8900588417466708,60,dice_plus_band,0.43449077825890425,hippocampus_157,122,603,1.0,0.8761375126390293,1,3833,3352,0.8280115127563477,0.9541316526610645,0.9957983193277311,785,0.8990953375086986,0.02
0.8903345724907064,59,dice_plus_onecut,0.43519105837094907,hippocampus_157,122,604,1.0,0.876200101061142,1,3834,3352,0.827946662902832,0.9541316526610645,0.9957983193277311,785,0.8989702198719732,0.02
0.8900588417466708,60,dice_plus_naive_hybrid,0.43519105837094907,hippocampus_157,122,604,1.0,0.8759160980540813,1,3834,3352,0.8279901742935181,0.9541316526610645,0.9957983193277311,786,0.8989702198719732,0.02
0.8903345724907064,59,dice_plus_tolerance_hybrid,0.4339032412985891,hippocampus_157,121,604,1.0,0.8764839605961101,1,3835,3352,0.8279449939727783,0.9544977248862443,0.9968498424921246,784,0.8991234172812022,0.02
0.8686930091185411,82,baseline,0.5094084568813148,hippocampus_157,162,693,1.4142135623730951,0.8512040557667934,1,3883,3352,0.8169779181480408,0.9426172148355494,0.9944016794961511,937,0.8818244644091223,0.05
0.9029827315541601,49,dice_only,0.38373652156932425,hippocampus_157,102,536,1.0,0.8919807740956236,1,3786,3352,0.8401706218719482,0.9592839592839593,0.9975429975429976,687,0.9106192210703278,0.05
0.9046870084932369,49,dice_plus_band,0.3770084659377873,hippocampus_157,99,527,1.0,0.893498608651657,1,3780,3352,0.8405351042747498,0.9596632760434936,0.9975447211504735,675,0.9122265844083006,0.05
0.9035501099591581,49,dice_plus_onecut,0.3817509637421946,hippocampus_157,100,533,1.0,0.892766818411735,1,3785,3352,0.8402535319328308,0.95998595998596,0.9978939978939979,682,0.9113072719630096,0.05
0.9038340666247643,49,dice_plus_naive_hybrid,0.378604459390837,hippocampus_157,99,529,1.0,0.8937246963562753,1,3782,3352,0.8404561877250671,0.9603508771929825,0.9975438596491228,677,0.9119708438463695,0.05
0.9032663316582915,49,dice_plus_tolerance_hybrid,0.3800311483834409,hippocampus_157,98,535,1.0,0.8931008339651251,1,3789,3352,0.8402463793754578,0.9603647842862154,0.9982462293931954,682,0.91135695280773,0.05
0.8686930091185411,82,baseline,0.5094084568813148,hippocampus_157,162,693,1.4142135623730951,0.8512040557667934,1,3883,3352,0.8169779181480408,0.9426172148355494,0.9944016794961511,937,0.8818244644091223,0.1
0.9169583200763601,38,dice_only,0.3339513936689584,hippocampus_157,81,470,1.0,0.9073417721518987,1,3741,3352,0.852057158946991,0.9652265542676501,0.9982437653670531,589,0.9223177780910757,0.1
0.9175421840178287,38,dice_plus_band,0.3240915173739582,hippocampus_157,75,458,1.0,0.9113025848960973,1,3735,3352,0.853010892868042,0.9669827889005971,0.9982437653670531,571,0.9247918724425004,0.1
0.9166666666666666,38,dice_plus_onecut,0.333075402512676,hippocampus_157,79,470,1.0,0.9081245254365984,1,3743,3352,0.8523628115653992,0.9669943820224719,0.9985955056179775,587,0.9226215644820296,0.1
0.9172501591343094,38,dice_plus_naive_hybrid,0.325907490447236,hippocampus_157,74,462,1.0,0.9108860759493671,1,3740,3352,0.8528382182121277,0.9673455056179775,0.9985955056179775,574,0.9244218838127467,0.1
0.9166666666666666,38,dice_plus_tolerance_hybrid,0.3331979322958601,hippocampus_157,78,472,1.0,0.907941325240263,1,3746,3352,0.8523327708244324,0.967005967005967,0.9985959985959986,588,0.9225133840518456,0.1
0.7432037744327118,657,baseline,0.6990212019981724,hippocampus_164,73,1235,1.9062177826490094,0.667565745111261,1,5031,3869,0.6916255950927734,0.8326059850374065,0.9635286783042394,1965,0.8530337078651685,0.02
0.760537707906129,632,dice_only,0.6373912661247543,hippocampus_164,60,1117,1.7320508075688772,0.6845211075805719,1,4926,3869,0.7015103101730347,0.8521193092621664,0.968916797488226,1809,0.8661739624786811,0.02
0.7603644646924829,635,dice_plus_band,0.6349765912567775,hippocampus_164,59,1112,1.7320508075688772,0.6843899113837764,1,4922,3869,0.7014688849449158,0.8531534358330719,0.9686225290241607,1806,0.8667955863951768,0.02
0.7603644646924829,633,dice_plus_onecut,0.6365730345226831,hippocampus_164,60,1116,1.7320508075688772,0.684377838328792,1,4925,3869,0.7014199495315552,0.8527010050251256,0.9692211055276382,1809,0.866272458494428,0.02
0.7601913003871555,635,dice_plus_naive_hybrid,0.6357295443684401,hippocampus_164,59,1113,1.7320508075688772,0.6843899113837764,1,4923,3869,0.7014495134353638,0.8534212178279975,0.9689265536723164,1807,0.8666969972702456,0.02
0.7607110300820419,633,dice_plus_tolerance_hybrid,0.6357542887945661,hippocampus_164,60,1113,1.7320508075688772,0.6845332727685669,1,4922,3869,0.7014131546020508,0.8532830662896639,0.9695256047753692,1806,0.8665680809919235,0.02
0.7432037744327118,657,baseline,0.6990212019981724,hippocampus_164,73,1235,1.9062177826490094,0.667565745111261,1,5031,3869,0.6916255950927734,0.8326059850374065,0.9635286783042394,1965,0.8530337078651685,0.05
0.7805671780567178,586,dice_only,0.5774099570050192,hippocampus_164,57,987,1.4142135623730951,0.7086578103527256,1,4799,3869,0.7148208618164062,0.8731815306767868,0.9734345351043643,1630,0.8795569912321182,0.05
0.7813153613757844,591,dice_plus_band,0.567187759835172,hippocampus_164,53,971,1.4142135623730951,0.7093958189754193,1,4787,3869,0.7148644924163818,0.8756722556153116,0.9731097753875356,1615,0.8817005545286506,0.05
0.7805671780567178,588,dice_plus_onecut,0.574394711931793,hippocampus_164,57,981,1.4142135623730951,0.7087155963302753,1,4793,3869,0.7147115468978882,0.8769765970904491,0.9734345351043643,1626,0.8801662433618102,0.05
0.7806691449814126,590,dice_plus_naive_hybrid,0.5707800775797496,hippocampus_164,55,973,1.4142135623730951,0.7095588235294118,1,4787,3869,0.7148187160491943,0.8774540848638379,0.9734008866371121,1618,0.8812384473197782,0.05
0.7805671780567178,588,dice_plus_tolerance_hybrid,0.5751840489852023,hippocampus_164,57,984,1.4142135623730951,0.7082282832913133,1,4796,3869,0.7146990299224854,0.8754347138792286,0.9734429339234903,1629,0.8798615118291979,0.05
0.7432037744327118,657,baseline,0.6990212019981724,hippocampus_164,73,1235,1.9062177826490094,0.667565745111261,1,5031,3869,0.6916255950927734,0.8326059850374065,0.9635286783042394,1965,0.8530337078651685,0.1
0.7979176526265973,555,dice_only,0.5357651624353086,hippocampus_164,62,883,1.4142135623730951,0.7228248326794369,1,4690,3869,0.7314335703849792,0.8909379968203498,0.9742448330683625,1500,0.889589905362776,0.1
0.7998104714522625,560,dice_plus_band,0.5213195178088581,hippocampus_164,56,858,1.4142135623730951,0.7247047927761056,1,4671,3869,0.731858491897583,0.8973541600255021,0.9741791520561046,1474,0.8929742388758782,0.1
0.7976331360946746,559,dice_plus_onecut,0.5284339901289806,hippocampus_164,60,866,1.4142135623730951,0.7247047927761056,1,4675,3869,0.7314800024032593,0.8980891719745223,0.9751592356687898,1485,0.891619850187266,0.1
0.7993366500829188,559,dice_plus_naive_hybrid,0.5229971855021822,hippocampus_164,58,858,1.4142135623730951,0.7250405374102386,1,4669,3869,0.7317605018615723,0.8992989165073295,0.9745060548119822,1475,0.8927149215272898,0.1
0.7981999052581715,556,dice_plus_tolerance_hybrid,0.5285762971848285,hippocampus_164,62,863,1.4142135623730951,0.7255038220986796,1,4670,3869,0.7314639091491699,0.8993950971028335,0.9754855141674625,1481,0.8916734980676895,0.1
0.8793215916503587,75,baseline,0.5639926931750567,hippocampus_169,53,782,1.4142135623730951,0.8181011535048802,1,3588,2859,0.802657961845398,0.9238358326756116,0.9913180741910024,910,0.8704823949123623,0.02
0.9004991680532446,61,dice_only,0.4869890349114024,hippocampus_169,35,667,1.4142135623730951,0.8430493273542601,1,3491,2859,0.8137015700340271,0.9354581673306773,0.9936254980079682,763,0.8894488188976378,0.02
0.9007989347536618,63,dice_plus_band,0.4826749205190732,hippocampus_169,34,661,1.4142135623730951,0.8434600419036217,1,3486,2859,0.8137046694755554,0.9362549800796812,0.9936254980079682,758,0.8904649330181245,0.02
0.8999002327901563,62,dice_plus_onecut,0.48780111115378105,hippocampus_169,35,668,1.4142135623730951,0.8427033492822966,1,3492,2859,0.813645601272583,0.9358310083698684,0.9940215225189318,765,0.8893087702723981,0.02
0.9001996007984032,63,dice_plus_naive_hybrid,0.4863968449333413,hippocampus_169,35,667,1.4142135623730951,0.8421052631578947,1,3491,2859,0.8136836886405945,0.9354838709677419,0.9936280366387893,765,0.8894488188976378,0.02
0.8999002327901563,62,dice_plus_tolerance_hybrid,0.48780111115378105,hippocampus_169,35,668,1.4142135623730951,0.8427033492822966,1,3492,2859,0.8136440515518188,0.9358310083698684,0.9940215225189318,765,0.8893087702723981,0.02
0.8793215916503587,75,baseline,0.5639926931750567,hippocampus_169,53,782,1.4142135623730951,0.8181011535048802,1,3588,2859,0.802657961845398,0.9238358326756116,0.9913180741910024,910,0.8704823949123623,0.05
0.9212491513917176,36,dice_only,0.4269277942400214,hippocampus_169,27,584,1.4142135623730951,0.8645238810453589,1,3416,2859,0.8271343111991882,0.9459567654123299,0.9955964771817454,647,0.9026294820717131,0.05
0.9212491513917176,36,dice_plus_band,0.4228274576959385,hippocampus_169,26,577,1.4142135623730951,0.8666867288594643,1,3410,2859,0.8273546099662781,0.9475580464371497,0.9955964771817454,639,0.9038124102727708,0.05
0.9212491513917176,36,dice_plus_onecut,0.42309615593991984,hippocampus_169,25,579,1.0,0.8665063138905592,1,3413,2859,0.8271214962005615,0.951638689048761,0.996802557953637,640,0.9036989795918368,0.05
0.9215619694397283,36,dice_plus_naive_hybrid,0.4217547126266717,hippocampus_169,25,577,1.0,0.8667669172932331,1,3411,2859,0.8272851705551147,0.9512390087929656,0.9960031974420464,638,0.9039872408293461,0.05
0.9212491513917176,36,dice_plus_tolerance_hybrid,0.4238955164515106,hippocampus_169,25,580,1.0,0.8662458671475805,1,3414,2859,0.8271190524101257,0.951638689048761,0.996802557953637,641,0.9035549179021202,0.05
0.8793215916503587,75,baseline,0.5639926931750567,hippocampus_169,53,782,1.4142135623730951,0.8181011535048802,1,3588,2859,0.802657961845398,0.9238358326756116,0.9913180741910024,910,0.8704823949123623,0.1
0.9362288865908307,11,dice_only,0.38595598432914047,hippocampus_169,21,523,1.0,0.8852063874661042,1,3361,2859,0.8409120440483093,0.9587339743589743,0.9963942307692307,555,0.912540192926045,0.1
0.9369183040330921,13,dice_plus_band,0.3801264529760889,hippocampus_169,20,515,1.0,0.8858695652173914,1,3354,2859,0.8416973948478699,0.9583333333333334,0.9959935897435898,548,0.9138902301625623,0.1
0.9355838787461247,13,dice_plus_onecut,0.38514314299370495,hippocampus_169,21,522,1.0,0.8848009650180941,1,3360,2859,0.8410969972610474,0.9591509811774129,0.9971966359631558,556,0.9126869271587071,0.1
0.9359062715368711,13,dice_plus_naive_hybrid,0.3825743750472199,hippocampus_169,20,519,1.0,0.8856711915535445,1,3358,2859,0.8415228724479675,0.9595514617541049,0.9971966359631558,552,0.9133022358050507,0.1
0.9355838787461247,13,dice_plus_tolerance_hybrid,0.385944104147089,hippocampus_169,21,523,1.0,0.8845342176665661,1,3361,2859,0.841077983379364,0.9591509811774129,0.9971966359631558,557,0.912540192926045,0.1
0.9163899788711138,1,baseline,0.5804988954120062,hippocampus_175,71,733,1.4142135623730951,0.8128758401131942,1,3401,2739,0.7956900000572205,0.9155650319829425,0.9837953091684435,805,0.8690553745928339,0.02
0.9344711978055471,0,dice_only,0.49763923327591186,hippocampus_175,50,621,1.4142135623730951,0.8352601156069365,1,3310,2739,0.8055169582366943,0.9333046471600689,0.9858003442340791,671,0.88907257397917,0.02
0.9347958561852528,0,dice_plus_band,0.4948792446518271,hippocampus_175,49,618,1.4142135623730951,0.8361663652802893,1,3308,2739,0.8056041598320007,0.9337349397590361,0.9858003442340791,667,0.8896973705969903,0.02
0.9347560975609757,0,dice_plus_onecut,0.49757352414694195,hippocampus_175,50,620,1.4142135623730951,0.8352601156069365,1,3309,2739,0.8055304884910583,0.9341368919500646,0.9862247094274645,670,0.8892195767195767,0.02
0.9347560975609757,0,dice_plus_naive_hybrid,0.49671256848615847,hippocampus_175,50,619,1.4142135623730951,0.835561980484279,1,3308,2739,0.8055849075317383,0.9341368919500646,0.9862247094274645,669,0.8893666280800396,0.02
0.9347560975609757,0,dice_plus_tolerance_hybrid,0.49757352414694195,hippocampus_175,50,620,1.4142135623730951,0.8352601156069365,1,3309,2739,0.8055269122123718,0.9341368919500646,0.9862247094274645,670,0.8892195767195767,0.02
0.9163899788711138,1,baseline,0.5804988954120062,hippocampus_175,71,733,1.4142135623730951,0.8128758401131942,1,3401,2739,0.7956900000572205,0.9155650319829425,0.9837953091684435,805,0.8690553745928339,0.05
0.944920440636475,0,dice_only,0.44338509570661777,hippocampus_175,39,548,1.4142135623730951,0.8503126149319603,1,3248,2739,0.8159945011138916,0.9448784722222222,0.9865451388888888,587,0.9019542341740437,0.05
0.9466911764705882,0,dice_plus_band,0.43485347493860893,hippocampus_175,37,538,1.4142135623730951,0.8523020257826888,1,3240,2739,0.8164525032043457,0.9466145833333334,0.9865451388888888,575,0.903830071918381,0.05
0.9448867115737906,0,dice_plus_onecut,0.4424861947466067,hippocampus_175,40,546,1.4142135623730951,0.8506254598969831,1,3245,2739,0.8160771727561951,0.9470486111111112,0.9865451388888888,586,0.902072192513369,0.05
0.9464012251148545,0,dice_plus_naive_hybrid,0.43727786141327335,hippocampus_175,37,541,1.4142135623730951,0.8516746411483254,1,3243,2739,0.8163317441940308,0.9470486111111112,0.9865451388888888,578,0.9033767970578402,0.05
0.9448867115737906,0,dice_plus_tolerance_hybrid,0.442603829709478,hippocampus_175,40,546,1.4142135623730951,0.8506254598969831,1,3245,2739,0.8160578608512878,0.9461571862787668,0.9865392965696917,586,0.902072192513369,0.05
0.9163899788711138,1,baseline,0.5804988954120062,hippocampus_175,71,733,1.4142135623730951,0.8128758401131942,1,3401,2739,0.7956900000572205,0.9155650319829425,0.9837953091684435,805,0.8690553745928339,0.1
0.9535813095604058,0,dice_only,0.3984479401392757,hippocampus_175,30,492,1.0,0.8619278005210271,1,3201,2739,0.8267154693603516,0.9548022598870056,0.9873967840069535,522,0.9121212121212121,0.1
0.9562538508934073,0,dice_plus_band,0.38439164704309364,hippocampus_175,28,472,1.0,0.8662182361733931,1,3183,2739,0.8277857303619385,0.9586956521739131,0.9873913043478261,500,0.9155690645052347,0.1
0.9538461538461539,0,dice_plus_onecut,0.3963854672333662,hippocampus_175,31,486,1.0,0.8632128214685054,1,3194,2739,0.8269116878509521,0.9591304347826087,0.9873913043478261,517,0.9128602730490477,0.1
0.9544615384615385,0,dice_plus_naive_hybrid,0.39047860356483277,hippocampus_175,29,479,1.0,0.8655713218820015,1,3189,2739,0.8274867534637451,0.9586956521739131,0.9873913043478261,508,0.9143049932523617,0.1
0.9538461538461539,0,dice_plus_tolerance_hybrid,0.39735319780838996,hippocampus_175,31,487,1.0,0.8628912071535022,1,3195,2739,0.8268691897392273,0.9582427142235754,0.987385819921705,518,0.912706437478935,0.1
0.9264859228362878,58,baseline,0.4651292076664114,hippocampus_185,89,641,1.4142135623730951,0.8082936777702243,1,3665,3113,0.8121086955070496,0.9293233082706767,0.9954887218045113,788,0.8922986131602243,0.02
0.9426013691416535,31,dice_only,0.4052981639327193,hippocampus_185,68,562,1.4142135623730951,0.837782340862423,1,3607,3113,0.8238742351531982,0.944549226706903,0.997736703130894,661,0.90625,0.02
0.9421357180431352,34,dice_plus_band,0.40423876086906857,hippocampus_185,66,562,1.4142135623730951,0.836986301369863,1,3609,3113,0.8239290118217468,0.9445910290237467,0.997738409347908,662,0.906575423980958,0.02
0.9426013691416535,31,dice_plus_onecut,0.40452677088409644,hippocampus_185,68,561,1.4142135623730951,0.8380691543991784,1,3606,3113,0.8238662481307983,0.9449056603773585,0.9981132075471698,660,0.9063848787021879,0.02
0.9421052631578948,33,dice_plus_naive_hybrid,0.4052981639327193,hippocampus_185,68,562,1.4142135623730951,0.836986301369863,1,3607,3113,0.8239108920097351,0.944549226706903,0.997736703130894,663,0.90625,0.02
0.9426013691416535,31,dice_plus_tolerance_hybrid,0.40452677088409644,hippocampus_185,68,561,1.4142135623730951,0.8380691543991784,1,3606,3113,0.8238643407821655,0.9449056603773585,0.9981132075471698,660,0.9063848787021879,0.02
0.9264859228362878,58,baseline,0.4651292076664114,hippocampus_185,89,641,1.4142135623730951,0.8082936777702243,1,3665,3113,0.8121086955070496,0.9293233082706767,0.9954887218045113,788,0.8922986131602243,0.05
0.9566825145272055,11,dice_only,0.35966302201521116,hippocampus_185,42,508,1.0,0.8596008258774949,1,3579,3113,0.8361334204673767,0.9546485260770975,0.99848828420257,561,0.9178123132098027,0.05
0.958223162347964,11,dice_plus_band,0.3548391710660244,hippocampus_185,41,499,1.0,0.8607856650585803,1,3571,3113,0.8365340232849121,0.9553537646613697,0.9984865682936057,551,0.9192100538599641,0.05
0.9569352708058124,11,dice_plus_onecut,0.35733088145686087,hippocampus_185,42,504,1.0,0.8604891491560455,1,3575,3113,0.8362402319908142,0.9572940287226002,0.99848828420257,557,0.9183612440191388,0.05
0.958223162347964,11,dice_plus_naive_hybrid,0.3545754585230158,hippocampus_185,41,499,1.0,0.8607856650585803,1,3571,3113,0.836451530456543,0.9572617246596067,0.9984871406959153,551,0.9192100538599641,0.05
0.9571881606765328,11,dice_plus_tolerance_hybrid,0.3565750235581458,hippocampus_185,42,503,1.0,0.8604891491560455,1,3574,3113,0.8362354040145874,0.9572940287226002,0.99848828420257,556,0.9184985793330342,0.05
0.9264859228362878,58,baseline,0.4651292076664114,hippocampus_185,89,641,1.4142135623730951,0.8082936777702243,1,3665,3113,0.8121086955070496,0.9293233082706767,0.9954887218045113,788,0.8922986131602243,0.1
0.9660116834838024,2,dice_only,0.31131444895843424,hippocampus_185,30,443,1.0,0.8785241907413853,1,3526,3113,0.8475040197372437,0.9640015157256536,0.9988632057597575,475,0.9287543304714565,0.1
0.9667994687915007,3,dice_plus_band,0.3026046694136251,hippocampus_185,29,430,1.0,0.8812019566736548,1,3514,3113,0.8484598398208618,0.9658573596358119,0.9992412746585736,462,0.9307378904481666,0.1
0.9657552428988585,2,dice_plus_onecut,0.30939563508220913,hippocampus_185,30,440,1.0,0.8797490414778668,1,3523,3113,0.8478096723556519,0.967448902346707,0.9992429977289932,472,0.9291742013261001,0.1
0.9662682602921647,3,dice_plus_naive_hybrid,0.30671590295081336,hippocampus_185,30,435,1.0,0.8799720865317515,1,3518,3113,0.8482739329338074,0.967032967032967,0.9992421371731717,468,0.9298748303423314,0.1
0.9657552428988585,2,dice_plus_tolerance_hybrid,0.3082225017169417,hippocampus_185,30,438,1.0,0.8803627485176142,1,3521,3113,0.8478007316589355,0.9678152215070049,0.9996213555471413,470,0.929454326198372,0.1
0.8997214484679665,15,baseline,0.5494181289147266,hippocampus_190,104,842,1.6208077717503824,0.8364312267657993,1,4047,3309,0.8188550472259521,0.9012890094979648,0.9833785617367707,961,0.8713974986405655,0.02
0.919774011299435,0,dice_only,0.4839431761961045,hippocampus_190,78,745,1.4142135623730951,0.8560747663551402,1,3976,3309,0.8294910192489624,0.9172343324250681,0.9860354223433242,823,0.8870281400137269,0.02
0.919774011299435,0,dice_plus_band,0.48087778110073665,hippocampus_190,77,741,1.4142135623730951,0.8572955638695885,1,3973,3309,0.8295699954032898,0.917574931880109,0.9860354223433242,818,0.8876682230156551,0.02
0.919774011299435,0,dice_plus_onecut,0.48309743456307896,hippocampus_190,77,745,1.4142135623730951,0.8563801388147357,1,3977,3309,0.8294646739959717,0.9176029962546817,0.986040177051413,822,0.887180894866868,0.02
0.919774011299435,0,dice_plus_naive_hybrid,0.4815589800108184,hippocampus_190,77,742,1.4142135623730951,0.8570665241784665,1,3974,3309,0.829535722732544,0.917574931880109,0.9860354223433242,819,0.887546340793629,0.02
0.919774011299435,0,dice_plus_tolerance_hybrid,0.48309743456307896,hippocampus_190,77,745,1.4142135623730951,0.8563801388147357,1,3977,3309,0.8294524550437927,0.9176029962546817,0.986040177051413,822,0.887180894866868,0.02
0.8997214484679665,15,baseline,0.5494181289147266,hippocampus_190,104,842,1.6208077717503824,0.8364312267657993,1,4047,3309,0.8188550472259521,0.9012890094979648,0.9833785617367707,961,0.8713974986405655,0.05
0.9293617021276596,0,dice_only,0.4310526038320794,hippocampus_190,54,676,1.4142135623730951,0.8705248990578734,1,3931,3309,0.8400681018829346,0.9247531494722506,0.9874021109976167,730,0.899171270718232,0.05
0.9296254256526674,0,dice_plus_band,0.42779965687167915,hippocampus_190,52,672,1.4142135623730951,0.871836295099623,1,3929,3309,0.8405091166496277,0.9257745999319033,0.9877425944841676,724,0.8999723680574745,0.05
0.9296254256526674,0,dice_plus_onecut,0.4265919649049058,hippocampus_190,55,669,1.4142135623730951,0.8716289104638619,1,3923,3309,0.8401718139648438,0.9295918367346939,0.9887755102040816,724,0.8998893805309734,0.05
0.9296254256526674,0,dice_plus_naive_hybrid,0.42787855743606557,hippocampus_190,54,669,1.4142135623730951,0.871933135616069,1,3924,3309,0.8404140472412109,0.9271117166212534,0.9887602179836512,723,0.9000414765657404,0.05
0.9296254256526674,0,dice_plus_tolerance_hybrid,0.4270358475443699,hippocampus_190,55,670,1.4142135623730951,0.8713939067133999,1,3924,3309,0.8401594161987305,0.9292757565453927,0.9887793267596056,725,0.8997649661274714,0.05
0.8997214484679665,15,baseline,0.5494181289147266,hippocampus_190,104,842,1.6208077717503824,0.8364312267657993,1,4047,3309,0.8188550472259521,0.9012890094979648,0.9833785617367707,961,0.8713974986405655,0.1
0.9366438356164384,0,dice_only,0.3906349419569062,hippocampus_190,46,610,1.4142135623730951,0.8820010875475802,1,3873,3309,0.8500711917877197,0.9330372394943628,0.9897505978817902,656,0.9086605402394876,0.1
0.9380530973451328,0,dice_plus_band,0.3810536366628254,hippocampus_190,43,598,1.4142135623730951,0.8844686648501362,1,3864,3309,0.8510467410087585,0.9361338797814208,0.9894125683060109,641,0.9106371113899345,0.1
0.9369112189551813,0,dice_plus_onecut,0.3871103903500605,hippocampus_190,46,605,1.4142135623730951,0.8829613500272183,1,3868,3309,0.850408673286438,0.9361774744027304,0.9914675767918089,651,0.909293576703358,0.1
0.937482158150157,0,dice_plus_naive_hybrid,0.3851201243483281,hippocampus_190,44,602,1.4142135623730951,0.883746256466104,1,3867,3309,0.8508831858634949,0.9361556845339707,0.9904404233526801,646,0.9099777034559643,0.1
0.9369112189551813,0,dice_plus_tolerance_hybrid,0.3871103903500605,hippocampus_190,46,604,1.4142135623730951,0.8832017424448679,1,3867,3309,0.8504058718681335,0.9361774744027304,0.9914675767918089,650,0.9094202898550725,0.1
0.8818897637795275,58,baseline,0.5354007147600568,hippocampus_194,115,683,1.4142135623730951,0.8343522561863174,1,3462,2894,0.8017439842224121,0.9474903474903474,0.9988416988416988,856,0.8744493392070485,0.02
0.9018659295093296,45,dice_only,0.4629290932001486,hippocampus_194,88,586,1.0,0.8584905660377359,1,3392,2894,0.8128923773765564,0.9649669131957961,1.0,719,0.8927776010181355,0.02
0.9023801310796826,48,dice_plus_band,0.4590365279996815,hippocampus_194,85,584,1.0,0.8577331759149941,1,3393,2894,0.8129537105560303,0.9649669131957961,1.0,717,0.8935899475107364,0.02
0.9012430939226519,47,dice_plus_onecut,0.4614272017708739,hippocampus_194,87,585,1.0,0.8584070796460177,1,3392,2894,0.8128666877746582,0.9664848012470771,1.0,719,0.8930957683741648,0.02
0.9016223679668622,48,dice_plus_naive_hybrid,0.45986835531724957,hippocampus_194,86,584,1.0,0.8580702272056654,1,3392,2894,0.8129250407218933,0.9664848012470771,1.0,718,0.8934139357301941,0.02
0.9012430939226519,47,dice_plus_tolerance_hybrid,0.46115034185918463,hippocampus_194,87,585,1.0,0.8584070796460177,1,3392,2894,0.8128635287284851,0.9660818713450292,1.0,719,0.8930957683741648,0.02
0.8818897637795275,58,baseline,0.5354007147600568,hippocampus_194,115,683,1.4142135623730951,0.8343522561863174,1,3462,2894,0.8017439842224121,0.9474903474903474,0.9988416988416988,856,0.8744493392070485,0.05
0.920236851271334,36,dice_only,0.40226808011838183,hippocampus_194,65,514,1.0,0.8746286393345217,1,3343,2894,0.8250107169151306,0.9718530101641908,1.0,615,0.9071669071669072,0.05
0.9220598469032707,36,dice_plus_band,0.395616291221427,hippocampus_194,60,509,1.0,0.8760035682426405,1,3343,2894,0.8254253268241882,0.9726669269816478,1.0,605,0.9087702421035755,0.05
0.9206128133704735,36,dice_plus_onecut,0.40217792958893106,hippocampus_194,64,514,1.0,0.8746286393345217,1,3344,2894,0.8249995708465576,0.9726455646737007,1.0,614,0.9073420968259057,0.05
0.9209334726576106,36,dice_plus_naive_hybrid,0.39983326370381966,hippocampus_194,64,511,1.0,0.8751486325802615,1,3341,2894,0.8252739310264587,0.9726455646737007,1.0,611,0.9077786688051324,0.05
0.9206128133704735,36,dice_plus_tolerance_hybrid,0.40171538396786755,hippocampus_194,64,513,1.0,0.874888558692422,1,3343,2894,0.8249837756156921,0.9734375,1.0,613,0.9074875741542409,0.05
0.8818897637795275,58,baseline,0.5354007147600568,hippocampus_194,115,683,1.4142135623730951,0.8343522561863174,1,3462,2894,0.8017439842224121,0.9474903474903474,0.9988416988416988,856,0.8744493392070485,0.1
0.9328671328671329,27,dice_only,0.3588906275008163,hippocampus_194,44,467,1.0,0.8886899433005073,1,3317,2894,0.8371250033378601,0.9784820031298904,1.0,538,0.9177266140718081,0.1
0.9349195241427571,27,dice_plus_band,0.3477903262982533,hippocampus_194,40,454,1.0,0.8917464114832536,1,3308,2894,0.8380433917045593,0.9804458349628471,1.0,521,0.9203482747500806,0.1
0.9331934242742218,27,dice_plus_onecut,0.3555661202426174,hippocampus_194,43,461,1.0,0.8903495667762175,1,3312,2894,0.8371856212615967,0.9812133072407045,1.0,531,0.9187882694166936,0.1
0.9338466923346167,27,dice_plus_naive_hybrid,0.3516522259177642,hippocampus_194,43,456,1.0,0.8911483253588517,1,3307,2894,0.837735116481781,0.9812133072407045,1.0,526,0.9195291082083535,0.1
0.9331934242742218,27,dice_plus_tolerance_hybrid,0.35589035786482726,hippocampus_194,43,462,1.0,0.8900836320191159,1,3313,2894,0.8371599912643433,0.9804305283757339,1.0,532,0.9186402448848074,0.1
0.8948863636363636,8,baseline,0.6019345777531371,hippocampus_204,82,823,1.4142135623730951,0.8142905291540277,1,3614,2873,0.8039604425430298,0.9091614906832298,0.9953416149068323,913,0.860490211191614,0.02
0.9151376146788991,1,dice_only,0.5176092890355443,hippocampus_204,53,716,1.4142135623730951,0.8373844573776104,1,3536,2873,0.8142606616020203,0.9369195046439629,0.9961300309597523,770,0.8800124824465595,0.02
0.9151376146788991,1,dice_plus_band,0.5170222061384319,hippocampus_204,52,716,1.4142135623730951,0.837782340862423,1,3537,2873,0.8143264651298523,0.9369439071566731,0.9961315280464217,769,0.8801872074882995,0.02
0.9148753224419605,1,dice_plus_onecut,0.5185695949198632,hippocampus_204,53,718,1.4142135623730951,0.83709787816564,1,3538,2873,0.8142402172088623,0.9369439071566731,0.9961315280464217,772,0.8797379503977538,0.02
0.9151376146788991,1,dice_plus_naive_hybrid,0.5176092890355443,hippocampus_204,53,716,1.4142135623730951,0.8373844573776104,1,3536,2873,0.8143004179000854,0.9369195046439629,0.9961300309597523,770,0.8800124824465595,0.02
0.9148753224419605,1,dice_plus_tolerance_hybrid,0.518056685215779,hippocampus_204,53,717,1.4142135623730951,0.8373844573776104,1,3537,2873,0.8142390251159668,0.9369439071566731,0.9969052224371373,771,0.8798751950078003,0.02
0.8948863636363636,8,baseline,0.6019345777531371,hippocampus_204,82,823,1.4142135623730951,0.8142905291540277,1,3614,2873,0.8039604425430298,0.9091614906832298,0.9953416149068323,913,0.860490211191614,0.05
0.9257868899797863,1,dice_only,0.4588223253955219,hippocampus_204,43,633,1.4142135623730951,0.8534632788026453,1,3463,2873,0.8249416351318359,0.9475320637388263,0.9968907889623008,677,0.8933080808080808,0.05
0.9265895953757225,1,dice_plus_band,0.4534962444126195,hippocampus_204,42,625,1.4142135623730951,0.8553502962704775,1,3456,2873,0.8253438472747803,0.9486381322957198,0.9972762645914397,668,0.8946121030178543,0.05
0.9263218722912453,1,dice_plus_onecut,0.45767076159672004,hippocampus_204,43,630,1.4142135623730951,0.8537604456824512,1,3460,2873,0.8249807357788086,0.9486581096849475,0.9968883702839362,674,0.893731249013106,0.05
0.9265895953757225,1,dice_plus_naive_hybrid,0.45611261087304905,hippocampus_204,43,627,1.4142135623730951,0.8543554006968641,1,3457,2873,0.8252255320549011,0.9490073958738808,0.997275204359673,671,0.8941548183254344,0.05
0.9263218722912453,1,dice_plus_tolerance_hybrid,0.4580426678178617,hippocampus_204,43,631,1.4142135623730951,0.8534632788026453,1,3461,2873,0.8249756097793579,0.9482892690513219,0.9968895800933126,675,0.893590148405431,0.05
0.8948863636363636,8,baseline,0.6019345777531371,hippocampus_204,82,823,1.4142135623730951,0.8142905291540277,1,3614,2873,0.8039604425430298,0.9091614906832298,0.9953416149068323,913,0.860490211191614,0.1
0.9311342592592593,0,dice_only,0.42730412119487265,hippocampus_204,35,588,1.0,0.8645796693633486,1,3426,2873,0.835220992565155,0.9535881435257411,0.9980499219968799,623,0.901095411970154,0.1
0.9324833381628513,0,dice_plus_band,0.4166053623376449,hippocampus_204,35,570,1.0,0.8685512367491166,1,3408,2873,0.8361706733703613,0.9574385005857087,0.9980476376415462,605,0.9036777583187391,0.1
0.9316338354577057,0,dice_plus_onecut,0.4256468613563511,hippocampus_204,36,581,1.0,0.865797816132441,1,3418,2873,0.8354191780090332,0.9566913772922356,0.998439328911432,617,0.9019233826100779,0.1
0.9322524609148813,0,dice_plus_naive_hybrid,0.4199011090110796,hippocampus_204,34,576,1.0,0.8673253352152435,1,3415,2873,0.8359217643737793,0.9578454332552693,0.9984387197501952,610,0.9029898218829516,0.1
0.9319037960011591,0,dice_plus_tolerance_hybrid,0.42432125341186616,hippocampus_204,36,580,1.0,0.865797816132441,1,3417,2873,0.8354114294052124,0.9566744730679156,0.9988290398126464,616,0.9020667726550079,0.1
0.8378471031882071,55,baseline,0.6073475896055499,hippocampus_205,113,711,1.4142135623730951,0.850760764001295,1,3302,2704,0.7737122774124146,0.909468438538206,0.9862956810631229,879,0.8628038628038628,0.02
0.8570437196391395,35,dice_only,0.5442560751549251,hippocampus_205,92,637,1.4142135623730951,0.8739824161510908,1,3249,2704,0.7849997282028198,0.9231088944305902,0.9883624272651704,764,0.8775407357634806,0.02
0.8578363384188626,35,dice_plus_band,0.5408937370829852,hippocampus_205,90,634,1.4142135623730951,0.8748370273794003,1,3248,2704,0.7850443124771118,0.9222129783693843,0.9883527454242929,759,0.8783602150537635,0.02
0.8573412009718847,35,dice_plus_onecut,0.5447457449740745,hippocampus_205,92,637,1.4142135623730951,0.8736979166666666,1,3249,2704,0.7849338054656982,0.9231088944305902,0.9887780548628429,764,0.8775407357634806,0.02
0.8573412009718847,35,dice_plus_naive_hybrid,0.5437248492339389,hippocampus_205,92,635,1.4142135623730951,0.8742671009771987,1,3247,2704,0.7850034236907959,0.9230769230769231,0.9887733887733888,762,0.8778356578726264,0.02
0.8573412009718847,35,dice_plus_tolerance_hybrid,0.5447457449740745,hippocampus_205,92,637,1.4142135623730951,0.8736979166666666,1,3249,2704,0.7849177122116089,0.9231088944305902,0.9887780548628429,764,0.8775407357634806,0.02
0.8378471031882071,55,baseline,0.6073475896055499,hippocampus_205,113,711,1.4142135623730951,0.850760764001295,1,3302,2704,0.7737122774124146,0.909468438538206,0.9862956810631229,879,0.8628038628038628,0.05
0.875830710038475,20,dice_only,0.48499340949857245,hippocampus_205,75,559,1.4142135623730951,0.8948236069897791,1,3188,2704,0.7975287437438965,0.9357262103505843,0.989983305509182,654,0.8923964697895451,0.05
0.875830710038475,23,dice_plus_band,0.4817052979887599,hippocampus_205,75,555,1.4142135623730951,0.8940244305051172,1,3184,2704,0.7979073524475098,0.9369782971619366,0.989983305509182,653,0.8930027173913043,0.05
0.8755244755244755,21,dice_plus_onecut,0.4839755492690959,hippocampus_205,75,557,1.4142135623730951,0.8950495049504951,1,3186,2704,0.797545850276947,0.9378130217028381,0.989983305509182,653,0.8926994906621393,0.05
0.8755244755244755,23,dice_plus_naive_hybrid,0.48219426830397427,hippocampus_205,75,555,1.4142135623730951,0.8943196829590488,1,3184,2704,0.7977914214134216,0.9378130217028381,0.989983305509182,653,0.8930027173913043,0.05
0.8757437871893594,20,dice_plus_tolerance_hybrid,0.4844116467561873,hippocampus_205,76,556,1.4142135623730951,0.8954140547674035,1,3184,2704,0.7975057363510132,0.9373695198329853,0.9899791231732776,652,0.8926630434782609,0.05
0.8378471031882071,55,baseline,0.6073475896055499,hippocampus_205,113,711,1.4142135623730951,0.850760764001295,1,3302,2704,0.7737122774124146,0.909468438538206,0.9862956810631229,879,0.8628038628038628,0.1
0.8894366197183099,7,dice_only,0.44064835645440914,hippocampus_205,60,505,1.4142135623730951,0.9120477928974444,1,3149,2704,0.8105425834655762,0.9456066945606695,0.9899581589958159,572,0.9034683068511874,0.1
0.8911588587530821,8,dice_plus_band,0.4290126500246589,hippocampus_205,57,491,1.4142135623730951,0.9150849150849151,1,3138,2704,0.8114645481109619,0.9467951403435274,0.9899455383326351,556,0.90619650804519,0.1
0.8915492957746479,8,dice_plus_onecut,0.4339761386844178,hippocampus_205,57,496,1.4142135623730951,0.9132025274359827,1,3143,2704,0.8108370304107666,0.9489112227805695,0.990787269681742,561,0.9054215837181461,0.1
0.8908450704225352,8,dice_plus_naive_hybrid,0.4321009393576859,hippocampus_205,58,493,1.4142135623730951,0.9144189144189144,1,3139,2704,0.811292827129364,0.9476549413735343,0.9899497487437185,559,0.9056991271607051,0.1
0.8915492957746479,8,dice_plus_tolerance_hybrid,0.4339761386844178,hippocampus_205,57,496,1.4142135623730951,0.9132025274359827,1,3143,2704,0.8107801675796509,0.9489112227805695,0.990787269681742,561,0.9054215837181461,0.1
0.900802752293578,45,baseline,0.5453192401319634,hippocampus_210,103,769,1.4142135623730951,0.8055555555555556,1,3661,2995,0.8058700561523438,0.9029764205643602,0.9837649787398531,917,0.8689903846153846,0.02
0.9227642276422764,15,dice_only,0.49350108876345666,hippocampus_210,74,697,1.4142135623730951,0.8311770274534553,1,3618,2995,0.817549467086792,0.9169577027551417,0.9868063639891347,786,0.8834114622712839,0.02
0.9227642276422764,15,dice_plus_band,0.49349853823585893,hippocampus_210,74,696,1.4142135623730951,0.8314393939393939,1,3617,2995,0.8176003694534302,0.9181218471090415,0.9860302677532014,785,0.883545069570478,0.02
0.9224513505663665,15,dice_plus_onecut,0.4937592696501093,hippocampus_210,75,696,1.4142135623730951,0.8314393939393939,1,3616,2995,0.817528247833252,0.9177018633540373,0.9868012422360248,786,0.8833761911964907,0.02
0.9227642276422764,15,dice_plus_naive_hybrid,0.4930188843835113,hippocampus_210,74,695,1.4142135623730951,0.8317019261130407,1,3616,2995,0.8175771236419678,0.9181218471090415,0.9868063639891347,784,0.8836787172893662,0.02
0.9224513505663665,15,dice_plus_tolerance_hybrid,0.49453566716563724,hippocampus_210,76,696,1.4142135623730951,0.8310704136406694,1,3615,2995,0.8175243139266968,0.9177018633540373,0.9868012422360248,787,0.8832072617246596,0.02
0.900802752293578,45,baseline,0.5453192401319634,hippocampus_210,103,769,1.4142135623730951,0.8055555555555556,1,3661,2995,0.8058700561523438,0.9029764205643602,0.9837649787398531,917,0.8689903846153846,0.05
0.9327091866588648,5,dice_only,0.44890189907785716,hippocampus_210,63,629,1.4142135623730951,0.8495857233906947,1,3561,2995,0.8289934992790222,0.9270670826833073,0.9890795631825273,697,0.8944478340451495,0.05
0.9336063176367358,6,dice_plus_band,0.44457216958523726,hippocampus_210,61,625,1.4142135623730951,0.8497607655502393,1,3559,2995,0.8293890953063965,0.928654970760234,0.989083820662768,692,0.8953310955141898,0.05
0.9330213512723018,5,dice_plus_onecut,0.4476936404271941,hippocampus_210,62,627,1.4142135623730951,0.8501275510204082,1,3560,2995,0.8290823698043823,0.927485380116959,0.9898635477582846,694,0.8948893974065599,0.05
0.9330213512723018,6,dice_plus_naive_hybrid,0.44668297409298496,hippocampus_210,62,626,1.4142135623730951,0.8497607655502393,1,3559,2995,0.8292973041534424,0.9282651072124757,0.9894736842105263,694,0.8950259383582545,0.05
0.9330213512723018,5,dice_plus_tolerance_hybrid,0.4476936404271941,hippocampus_210,62,627,1.4142135623730951,0.8501275510204082,1,3560,2995,0.829077422618866,0.927485380116959,0.9898635477582846,694,0.8948893974065599,0.05
0.900802752293578,45,baseline,0.5453192401319634,hippocampus_210,103,769,1.4142135623730951,0.8055555555555556,1,3661,2995,0.8058700561523438,0.9029764205643602,0.9837649787398531,917,0.8689903846153846,0.1
0.9408997353719494,2,dice_only,0.41651909512029023,hippocampus_210,55,575,1.4142135623730951,0.8607269218398199,1,3515,2995,0.839371383190155,0.9358372456964006,0.9917840375586855,632,0.9032258064516129,0.1
0.9423529411764706,2,dice_plus_band,0.4044083435330414,hippocampus_210,50,563,1.4142135623730951,0.8643248469223332,1,3508,2995,0.8403493762016296,0.9370602032838155,0.991790461297889,615,0.9057358142395817,0.1
0.9408997353719494,2,dice_plus_onecut,0.41641379624547126,hippocampus_210,55,571,1.4142135623730951,0.8618357487922705,1,3511,2995,0.8396838903427124,0.936986301369863,0.9925636007827788,628,0.9037811251152782,0.1
0.9420758600411644,2,dice_plus_naive_hybrid,0.40646997238152544,hippocampus_210,51,563,1.4142135623730951,0.8642373427926475,1,3507,2995,0.8401567935943604,0.9370109546165885,0.9925665101721439,616,0.9055675176868656,0.1
0.9408997353719494,2,dice_plus_tolerance_hybrid,0.41585220021007835,hippocampus_210,55,570,1.4142135623730951,0.8621134020618557,1,3510,2995,0.839693546295166,0.936986301369863,0.9933463796477495,627,0.9039200614911607,0.1
0.8175976272862086,112,baseline,0.758534949483738,hippocampus_217,322,954,2.0,0.7268817204301076,1,3734,3102,0.758056104183197,0.8124536693847294,0.9525574499629355,1388,0.8133411351667642,0.02
0.8436112481499753,90,dice_only,0.6729362699636373,hippocampus_217,265,856,2.0,0.7566581539584093,1,3693,3102,0.7701003551483154,0.8366207666542612,0.9616672869371046,1211,0.8350257542310523,0.02
0.8432485805973834,92,dice_plus_band,0.6711997052205864,hippocampus_217,264,854,2.0,0.7568355814801312,1,3692,3102,0.7701290845870972,0.8369929289170078,0.9612951246743581,1210,0.8354430379746836,0.02
0.8424167694204685,92,dice_plus_onecut,0.6743286373494835,hippocampus_217,263,858,2.0,0.7572886297376094,1,3697,3102,0.7700442671775818,0.8370535714285714,0.9620535714285714,1213,0.8351228121782616,0.02
0.843040473840079,92,dice_plus_naive_hybrid,0.6715728185798578,hippocampus_217,263,855,2.0,0.7572886297376094,1,3694,3102,0.7701019048690796,0.8370535714285714,0.9620535714285714,1210,0.8354914655679812,0.02
0.8424167694204685,92,dice_plus_tolerance_hybrid,0.6738221440323786,hippocampus_217,264,857,2.0,0.7571115973741794,1,3695,3102,0.7700321674346924,0.8373650911797543,0.9627837737253443,1213,0.8350742974841842,0.02
0.8175976272862086,112,baseline,0.758534949483738,hippocampus_217,322,954,2.0,0.7268817204301076,1,3734,3102,0.758056104183197,0.8124536693847294,0.9525574499629355,1388,0.8133411351667642,0.05
0.8598176890859818,75,dice_only,0.6172128374537574,hippocampus_217,232,787,1.7320508075688772,0.7777777777777778,1,3657,3102,0.7836765050888062,0.8515742128935532,0.9685157421289355,1094,0.8492380529664152,0.05
0.8613641960108348,75,dice_plus_band,0.6118718220757214,hippocampus_217,227,783,1.7320508075688772,0.7788069655427936,1,3658,3102,0.7840671539306641,0.8524897042306252,0.9685511044552602,1085,0.8505917159763313,0.05
0.8596794081381011,75,dice_plus_onecut,0.6178300504134797,hippocampus_217,235,782,1.7320508075688772,0.7781899109792285,1,3649,3102,0.7837742567062378,0.8531285125515174,0.9692768827276134,1092,0.8493556510146645,0.05
0.860241557801331,75,dice_plus_naive_hybrid,0.6160451377036632,hippocampus_217,232,782,1.7320508075688772,0.778642936596218,1,3652,3102,0.7840012311935425,0.8527538403896591,0.968902210565755,1089,0.849866745632218,0.05
0.8598914652195363,75,dice_plus_tolerance_hybrid,0.6183140827513182,hippocampus_217,235,782,1.7320508075688772,0.7779013718946978,1,3649,3102,0.7837666273117065,0.853183520599251,0.9696629213483146,1092,0.8493556510146645,0.05
0.8175976272862086,112,baseline,0.758534949483738,hippocampus_217,322,954,2.0,0.7268817204301076,1,3734,3102,0.758056104183197,0.8124536693847294,0.9525574499629355,1388,0.8133411351667642,0.1
0.8736426456071076,69,dice_only,0.5633524000930982,hippocampus_217,203,716,1.7320508075688772,0.7954971857410882,1,3615,3102,0.7969182729721069,0.8654926938928438,0.9733982765080554,988,0.8631829685871669,0.1
0.8767596937515436,70,dice_plus_band,0.543599096440954,hippocampus_217,194,698,1.7320508075688772,0.7995487025197443,1,3606,3102,0.7980005741119385,0.8714018691588785,0.9734579439252337,962,0.8670244484197973,0.1
0.8758943992104614,71,dice_plus_onecut,0.5532683454912388,hippocampus_217,195,707,1.7320508075688772,0.7968456627863312,1,3614,3102,0.7974066734313965,0.8728908886389202,0.9767529058867641,973,0.8656938653960691,0.1
0.8768205381387312,71,dice_plus_naive_hybrid,0.5479866129966984,hippocampus_217,192,704,1.7320508075688772,0.7977485928705441,1,3614,3102,0.7978838682174683,0.87471952131638,0.974943904263276,967,0.8665872543180465,0.1
0.8756783423778983,71,dice_plus_tolerance_hybrid,0.5521423732993062,hippocampus_217,195,707,1.7320508075688772,0.797145003756574,1,3614,3102,0.7974352836608887,0.8734082397003745,0.9775280898876404,973,0.8656938653960691,0.1
0.8878815352070112,27,baseline,0.7334791928833476,hippocampus_219,91,1021,2.23606797749979,0.7576958244437672,2,3760,2830,0.7833253145217896,0.8179631114675221,0.9278267842822775,1139,0.8312594840667679,0.02
0.9112063686466626,6,dice_only,0.6412272386392243,hippocampus_219,64,914,2.23606797749979,0.7842170160295932,1,3680,2830,0.7957296371459961,0.8390105433901054,0.9375506893755069,984,0.8497695852534562,0.02
0.9109274563820018,6,dice_plus_band,0.6393459142619891,hippocampus_219,63,912,2.23606797749979,0.7853177051202961,1,3679,2830,0.795778214931488,0.8386704499391974,0.9371706526145116,981,0.8502074051313566,0.02
0.9099816289038579,6,dice_plus_onecut,0.6449343124114485,hippocampus_219,65,915,2.23606797749979,0.7848335388409371,1,3680,2830,0.7957404851913452,0.8386704499391974,0.9371706526145116,986,0.8494623655913979,0.02
0.9109274563820018,6,dice_plus_naive_hybrid,0.6409673167751629,hippocampus_219,64,913,2.23606797749979,0.7847008019740901,1,3679,2830,0.7957742214202881,0.8386704499391974,0.9371706526145116,983,0.8499001382700876,0.02
0.9099816289038579,6,dice_plus_tolerance_hybrid,0.6449343124114485,hippocampus_219,66,914,2.23606797749979,0.7847008019740901,1,3678,2830,0.7957333326339722,0.8386704499391974,0.9371706526145116,986,0.8494161032575291,0.02
0.8878815352070112,27,baseline,0.7334791928833476,hippocampus_219,91,1021,2.23606797749979,0.7576958244437672,2,3760,2830,0.7833253145217896,0.8179631114675221,0.9278267842822775,1139,0.8312594840667679,0.05
0.9222256378727328,1,dice_only,0.5725610008972765,hippocampus_219,45,828,2.0708203932498725,0.8050156739811912,1,3613,2830,0.808408260345459,0.8570264765784114,0.94989816700611,874,0.8645041129908427,0.05
0.9231242312423125,1,dice_plus_band,0.5658641746101035,hippocampus_219,44,819,2.23606797749979,0.8067860508953817,1,3605,2830,0.8088059425354004,0.8577832110839446,0.9494702526487367,864,0.8658896658896659,0.05
0.9219422249539029,1,dice_plus_onecut,0.5747199419441554,hippocampus_219,45,829,2.0,0.8050156739811912,1,3614,2830,0.8086356520652771,0.8566775244299675,0.9507328990228013,875,0.8643699565487275,0.05
0.9228404549646481,1,dice_plus_naive_hybrid,0.5686726644166408,hippocampus_219,44,822,2.0,0.8062794348508634,1,3608,2830,0.8087949752807617,0.8578411405295315,0.95030549898167,867,0.8654861758310034,0.05
0.9219422249539029,1,dice_plus_tolerance_hybrid,0.5747199419441554,hippocampus_219,45,829,2.0,0.8050156739811912,1,3614,2830,0.8086279630661011,0.8566775244299675,0.9507328990228013,875,0.8643699565487275,0.05
0.8878815352070112,27,baseline,0.7334791928833476,hippocampus_219,91,1021,2.23606797749979,0.7576958244437672,2,3760,2830,0.7833253145217896,0.8179631114675221,0.9278267842822775,1139,0.8312594840667679,0.1
0.9306625577812019,0,dice_only,0.5195492975177511,hippocampus_219,31,753,2.0,0.8218042715970673,1,3552,2830,0.8206099271774292,0.8661770705834353,0.9555283557731539,784,0.8771544970228768,0.1
0.9324699352451434,0,dice_plus_band,0.5089223736494237,hippocampus_219,29,737,2.0,0.82496,1,3538,2830,0.821603000164032,0.8696362893338783,0.9550469963220269,766,0.8797110552763819,0.1
0.9312788906009245,0,dice_plus_onecut,0.5152457506924703,hippocampus_219,30,746,2.0,0.8233791121047589,1,3546,2830,0.8211957812309265,0.8697427521437321,0.9559003674969375,776,0.8782936010037641,0.1
0.9316081330868762,0,dice_plus_naive_hybrid,0.511608839053397,hippocampus_219,29,741,2.0,0.8246960972488804,1,3542,2830,0.8215665817260742,0.870151082074316,0.9554920375663536,770,0.8791588198367859,0.1
0.9312788906009245,0,dice_plus_tolerance_hybrid,0.5148257002756509,hippocampus_219,30,744,2.0,0.8239054010866091,1,3544,2830,0.8212036490440369,0.8689260922825643,0.9567170273581054,774,0.8785691873235018,0.1
0.8756991920447483,120,baseline,0.44411322364264955,hippocampus_229,76,584,1.0,0.862788144895719,1,3685,3177,0.8141803741455078,0.9712556732223904,0.9969742813918305,780,0.9038181288254153,0.02
0.8965952080706179,95,dice_only,0.37672454780606734,hippocampus_229,57,493,1.0,0.8861249309010503,1,3613,3177,0.8248440027236938,0.9797941288600839,0.9984750285932139,645,0.9189985272459499,0.02
0.8968779564806055,96,dice_plus_band,0.3761708854960215,hippocampus_229,57,491,1.0,0.8858169753939729,1,3611,3177,0.8248963356018066,0.9805491990846682,0.9984744469870328,644,0.9192692987625221,0.02
0.8963126378821304,96,dice_plus_onecut,0.37672454780606734,hippocampus_229,57,493,1.0,0.8858169753939729,1,3613,3177,0.8248404860496521,0.9797941288600839,0.9984750285932139,646,0.9189985272459499,0.02
0.8965952080706179,96,dice_plus_naive_hybrid,0.376328861683044,hippocampus_229,57,492,1.0,0.8858169753939729,1,3612,3177,0.8248798251152039,0.9801678108314263,0.9984744469870328,645,0.9191338930623066,0.02
0.8963126378821304,96,dice_plus_tolerance_hybrid,0.37672454780606734,hippocampus_229,57,493,1.0,0.8858169753939729,1,3613,3177,0.8248428106307983,0.9797941288600839,0.9984750285932139,646,0.9189985272459499,0.02
0.8756991920447483,120,baseline,0.44411322364264955,hippocampus_229,76,584,1.0,0.862788144895719,1,3685,3177,0.8141803741455078,0.9712556732223904,0.9969742813918305,780,0.9038181288254153,0.05
0.9103668261562998,85,dice_only,0.32061196844913853,hippocampus_229,47,411,1.0,0.9031537817471392,1,3541,3177,0.8362239599227905,0.9896472392638037,0.9996165644171779,543,0.9318249479011611,0.05
0.9116427432216906,87,dice_plus_band,0.31066872766714,hippocampus_229,44,399,1.0,0.9048684946838277,1,3532,3177,0.8365875482559204,0.9907940161104718,0.9996164173379364,530,0.9339692949768967,0.05
0.9103668261562998,85,dice_plus_onecut,0.3186186798269759,hippocampus_229,47,410,1.0,0.9034059184812954,1,3540,3177,0.8362443447113037,0.9908081194944466,0.9996170049789352,542,0.931963674259342,0.05
0.9110047846889953,87,dice_plus_naive_hybrid,0.31249075948994026,hippocampus_229,46,403,1.0,0.9038031319910514,1,3534,3177,0.8364652991294861,0.9908081194944466,0.9996170049789352,536,0.9330949187900462,0.05
0.9103668261562998,85,dice_plus_tolerance_hybrid,0.3186186798269759,hippocampus_229,47,410,1.0,0.9034059184812954,1,3540,3177,0.836245059967041,0.9908081194944466,0.9996170049789352,542,0.931963674259342,0.05
0.8756991920447483,120,baseline,0.44411322364264955,hippocampus_229,76,584,1.0,0.862788144895719,1,3685,3177,0.8141803741455078,0.9712556732223904,0.9969742813918305,780,0.9038181288254153,0.1
0.9217895075635661,75,dice_only,0.2714419264902891,hippocampus_229,38,347,1.0,0.9178852643419573,1,3486,3177,0.8474535346031189,0.9930795847750865,1.0,460,0.9422182200210115,0.1
0.923671497584541,76,dice_plus_band,0.2621325830643733,hippocampus_229,36,336,1.0,0.9191321499013807,1,3477,3177,0.8482701182365417,0.9930715935334873,1.0,448,0.9440937781785392,0.1
0.9224332153202446,75,dice_plus_onecut,0.2696232503081699,hippocampus_229,37,346,1.0,0.9178852643419573,1,3486,3177,0.8474982976913452,0.9930769230769231,1.0,458,0.9425183851118115,0.1
0.9233741146168706,76,dice_plus_naive_hybrid,0.2654945943829326,hippocampus_229,36,341,1.0,0.9180973824936673,1,3482,3177,0.8479828238487244,0.9930742593305117,1.0,453,0.9433848926265205,0.1
0.9221364221364221,75,dice_plus_tolerance_hybrid,0.2703924810774007,hippocampus_229,37,347,1.0,0.9178852643419573,1,3487,3177,0.847497820854187,0.9930769230769231,1.0,459,0.9423769507803121,0.1
0.8495528669121515,12,baseline,0.7187356136077965,hippocampus_244,192,1181,2.0,0.7710241465445462,1,4197,3208,0.7862135767936707,0.8270181219110379,0.957166392092257,1385,0.8145847400405132,0.02
0.8670734942955691,8,dice_only,0.6420810464318406,hippocampus_244,135,1067,2.0,0.7996647108130763,1,4140,3208,0.7968077659606934,0.8429232804232805,0.9642857142857143,1210,0.836418072945019,0.02
0.8670734942955691,8,dice_plus_band,0.6416126900487131,hippocampus_244,134,1067,2.0,0.8,1,4141,3208,0.7968467473983765,0.8432021171022164,0.9642739000992392,1209,0.8365764049530549,0.02
0.8663838812301167,8,dice_plus_onecut,0.6418185723201747,hippocampus_244,136,1068,2.0,0.7997762863534675,1,4140,3208,0.7967311143875122,0.8452145214521453,0.9650165016501651,1212,0.8361458900381056,0.02
0.8670734942955691,8,dice_plus_naive_hybrid,0.6412046305787081,hippocampus_244,134,1066,2.0,0.8002235261246158,1,4140,3208,0.7968060374259949,0.8432539682539683,0.9646164021164021,1208,0.8366902558519325,0.02
0.8663838812301167,8,dice_plus_tolerance_hybrid,0.6419367450115899,hippocampus_244,136,1068,2.0,0.7997762863534675,1,4140,3208,0.7967109680175781,0.8452655889145496,0.9650280435499835,1212,0.8361458900381056,0.02
0.8495528669121515,12,baseline,0.7187356136077965,hippocampus_244,192,1181,2.0,0.7710241465445462,1,4197,3208,0.7862135767936707,0.8270181219110379,0.957166392092257,1385,0.8145847400405132,0.05
0.8784,5,dice_only,0.5952712157293955,hippocampus_244,113,992,2.0,0.8141043723554302,1,4087,3208,0.8087396621704102,0.8560079443892751,0.9692154915590864,1110,0.8485263879369431,0.05
0.8786990135963743,5,dice_plus_band,0.5927874060931545,hippocampus_244,109,990,2.0,0.8155668358714044,1,4089,3208,0.8090947866439819,0.8566225165562914,0.9692052980132451,1104,0.8493901603398657,0.05
0.8780357619428877,5,dice_plus_onecut,0.592425183532578,hippocampus_244,113,985,2.0,0.8161536289183846,1,4080,3208,0.80882728099823,0.8584187892821701,0.970889844525306,1103,0.8493413830954994,0.05
0.8788687299893276,5,dice_plus_naive_hybrid,0.5913753851867716,hippocampus_244,110,985,2.0,0.8162574089754445,1,4083,3208,0.8090378642082214,0.8576630254882489,0.9702085402184707,1100,0.8498148402139625,0.05
0.8782701548318206,5,dice_plus_tolerance_hybrid,0.5918812911454281,hippocampus_244,113,984,2.0,0.8161536289183846,1,4079,3208,0.8088029623031616,0.8587028457974851,0.971211118464593,1102,0.8494579387951146,0.05
0.8495528669121515,12,baseline,0.7187356136077965,hippocampus_244,192,1181,2.0,0.7710241465445462,1,4197,3208,0.7862135767936707,0.8270181219110379,0.957166392092257,1385,0.8145847400405132,0.1
0.8907968875771398,4,dice_only,0.5488631362140599,hippocampus_244,90,914,1.7320508075688772,0.8277825220609166,1,4032,3208,0.8207501769065857,0.8703026272031925,0.9737279680744928,1008,0.8613259668508287,0.1
0.8913335122082103,4,dice_plus_band,0.54188982574277,hippocampus_244,85,905,1.7320508075688772,0.8310059846110003,1,4028,3208,0.8217875957489014,0.872135503155098,0.973430753902358,994,0.8631840796019901,0.1
0.8909774436090225,4,dice_plus_onecut,0.5411397398706869,hippocampus_244,91,899,1.7320508075688772,0.8308571428571428,1,4016,3208,0.821340024471283,0.8765801729873586,0.9770459081836327,994,0.8629568106312292,0.1
0.8915145005370569,4,dice_plus_naive_hybrid,0.5389839056056718,hippocampus_244,86,898,1.7320508075688772,0.8321917808219178,1,4020,3208,0.8217419385910034,0.8753738783649053,0.9754071119973413,988,0.8638627559490869,0.1
0.8906795594950309,4,dice_plus_tolerance_hybrid,0.5403495767638898,hippocampus_244,92,897,1.7320508075688772,0.8313321898227558,1,4013,3208,0.8213602900505066,0.8767032236623463,0.9780658025922233,993,0.8630383603379034,0.1
0.8608572008937639,83,baseline,0.6018938540527258,hippocampus_261,282,951,1.4142135623730951,0.816358024691358,1,4740,4071,0.8147788047790527,0.898389458272328,0.9821376281112738,1316,0.8600612870275791,0.02
0.8770292207792207,76,dice_only,0.5249297576284525,hippocampus_261,216,844,1.4142135623730951,0.8422696512233212,1,4699,4071,0.8251619338989258,0.9160035366931919,0.9861479516651931,1136,0.879133409350057,0.02
0.8772072254921859,76,dice_plus_band,0.5246855999141152,hippocampus_261,216,843,1.4142135623730951,0.8422696512233212,1,4698,4071,0.8251887559890747,0.9165929855585028,0.9861479516651931,1135,0.8792336640437907,0.02
0.8769293257514216,76,dice_plus_onecut,0.5255992759284069,hippocampus_261,218,843,1.4142135623730951,0.8420504813947437,1,4696,4071,0.8250975608825684,0.9175014731879788,0.9858573954036535,1137,0.8789779856279228,0.02
0.8773853024766545,76,dice_plus_naive_hybrid,0.5242256889408423,hippocampus_261,216,841,1.4142135623730951,0.842488935173132,1,4696,4071,0.8251549005508423,0.9174771588564692,0.9861479516651931,1133,0.8794342420440288,0.02
0.8769293257514216,76,dice_plus_tolerance_hybrid,0.5258433617047023,hippocampus_261,218,844,1.4142135623730951,0.841831425598335,1,4697,4071,0.8250906467437744,0.9169121979964644,0.9858573954036535,1138,0.8788777372262774,0.02
0.8608572008937639,83,baseline,0.6018938540527258,hippocampus_261,282,951,1.4142135623730951,0.816358024691358,1,4740,4071,0.8147788047790527,0.898389458272328,0.9821376281112738,1316,0.8600612870275791,0.05
0.8923264807653165,66,dice_only,0.45819696775034663,hippocampus_261,176,748,1.4142135623730951,0.8613522757169166,1,4643,4071,0.8372106552124023,0.9270158917010006,0.9873454973513832,990,0.8939637365159513,0.05
0.8924643584521385,67,dice_plus_band,0.4562656015066366,hippocampus_261,176,743,1.4142135623730951,0.861805738352198,1,4638,4071,0.837475061416626,0.9275618374558304,0.9873380447585395,986,0.8944769778390171,0.05
0.8916938110749185,66,dice_plus_onecut,0.46115400886312885,hippocampus_261,179,747,1.4142135623730951,0.861506055818852,1,4639,4071,0.8371696472167969,0.9276683328432814,0.9885327844751544,992,0.8936854190585534,0.05
0.8925081433224755,67,dice_plus_naive_hybrid,0.4568254819290083,hippocampus_261,175,743,1.4142135623730951,0.8620326487625066,1,4639,4071,0.8373732566833496,0.9279411764705883,0.9882352941176471,985,0.8946039035591274,0.05
0.8915123142682678,66,dice_plus_tolerance_hybrid,0.462022045181033,hippocampus_261,179,749,1.4142135623730951,0.8612792840221111,1,4641,4071,0.8371588587760925,0.9273956496178718,0.9885361552028219,994,0.8934802571166207,0.05
0.8608572008937639,83,baseline,0.6018938540527258,hippocampus_261,282,951,1.4142135623730951,0.816358024691358,1,4740,4071,0.8147788047790527,0.898389458272328,0.9821376281112738,1316,0.8600612870275791,0.1
0.9029759478189971,55,dice_only,0.4155253872404076,hippocampus_261,156,677,1.4142135623730951,0.8756986957678999,1,4592,4071,0.8493746519088745,0.9348659003831418,0.9896846448570586,888,0.9038439339720651,0.1
0.9043832823649337,57,dice_plus_band,0.40692665947978934,hippocampus_261,150,667,1.4142135623730951,0.876931273308471,1,4588,4071,0.8501045107841492,0.9360447981137636,0.9899793692897141,874,0.9056473033837625,0.1
0.9024887800897593,57,dice_plus_onecut,0.4136422524431806,hippocampus_261,156,672,1.4142135623730951,0.8764643237486688,1,4587,4071,0.8495241403579712,0.9363207547169812,0.9899764150943396,885,0.9043659043659044,0.1
0.9037912759885854,57,dice_plus_naive_hybrid,0.4097832301532166,hippocampus_261,150,671,1.4142135623730951,0.8767633750332712,1,4592,4071,0.8499316573143005,0.9363207547169812,0.9899764150943396,878,0.90522913540344,0.1
0.9024887800897593,57,dice_plus_tolerance_hybrid,0.4136422524431806,hippocampus_261,156,672,1.4142135623730951,0.8764643237486688,1,4587,4071,0.8495136499404907,0.9363207547169812,0.9899764150943396,885,0.9043659043659044,0.1
0.8706166868198307,171,baseline,0.5037099043660793,hippocampus_264,193,735,1.4142135623730951,0.8203373258372036,1,4384,3842,0.811642587184906,0.9204028589993503,0.9892787524366472,1099,0.887186968149769,0.02
0.8903444929645803,161,dice_only,0.41813719048921766,hippocampus_264,135,623,1.4142135623730951,0.8449382716049383,1,4330,3842,0.8221685886383057,0.9348958333333334,0.9931640625,919,0.9072442486539403,0.02
0.8903444929645803,161,dice_plus_band,0.41883220123838993,hippocampus_264,135,625,1.4142135623730951,0.8445212240868707,1,4332,3842,0.8221948146820068,0.9345916042954767,0.9928408721119427,921,0.9070222657205774,0.02
0.8908826382153249,161,dice_plus_onecut,0.4153416002010414,hippocampus_264,132,622,1.4142135623730951,0.8454320987654321,1,4332,3842,0.8221532106399536,0.9365027678280691,0.9938130901986324,915,0.9077563004648886,0.02
0.8908826382153249,161,dice_plus_naive_hybrid,0.4172812207061039,hippocampus_264,133,622,1.4142135623730951,0.8451469498641639,1,4331,3842,0.8221833109855652,0.9355048859934854,0.9931596091205211,916,0.9076226599779763,0.02
0.8906136308513218,161,dice_plus_tolerance_hybrid,0.4154764792509837,hippocampus_264,133,622,1.4142135623730951,0.8454320987654321,1,4331,3842,0.822150468826294,0.9361771409964181,0.9938130901986324,916,0.9076226599779763,0.02
0.8706166868198307,171,baseline,0.5037099043660793,hippocampus_264,193,735,1.4142135623730951,0.8203373258372036,1,4384,3842,0.811642587184906,0.9204028589993503,0.9892787524366472,1099,0.887186968149769,0.05
0.9021897810218978,153,dice_only,0.3637001157125134,hippocampus_264,105,549,1.4142135623730951,0.86112493777999,1,4286,3842,0.8347064256668091,0.9466145833333334,0.9957682291666666,807,0.9195374015748031,0.05
0.902676399026764,154,dice_plus_band,0.36011938654584674,hippocampus_264,104,544,1.4142135623730951,0.861484803188839,1,4282,3842,0.8349661827087402,0.9469401041666666,0.9957682291666666,802,0.9202363367799113,0.05
0.9021897810218978,153,dice_plus_onecut,0.3607330541728541,hippocampus_264,103,546,1.4142135623730951,0.862335075927309,1,4285,3842,0.8347813487052917,0.9486178861788618,0.9964227642276423,802,0.9201427340962225,0.05
0.9022373540856031,154,dice_plus_naive_hybrid,0.3585041970573882,hippocampus_264,102,544,1.4142135623730951,0.8624813153961136,1,4284,3842,0.83492511510849,0.9479674796747968,0.9964227642276423,800,0.9205020920502092,0.05
0.9021897810218978,153,dice_plus_tolerance_hybrid,0.3605868786467458,hippocampus_264,103,545,1.4142135623730951,0.8625498007968128,1,4284,3842,0.8347758054733276,0.9486178861788618,0.9967479674796748,801,0.9202559684961851,0.05
0.8706166868198307,171,baseline,0.5037099043660793,hippocampus_264,193,735,1.4142135623730951,0.8203373258372036,1,4384,3842,0.811642587184906,0.9204028589993503,0.9892787524366472,1099,0.887186968149769,0.1
0.9140758873929009,141,dice_only,0.3172049461543015,hippocampus_264,86,480,1.0,0.8755321813173053,1,4236,3842,0.8477568626403809,0.9562520404831865,0.9970617042115573,707,0.9299331517702402,0.1
0.9164420485175202,141,dice_plus_band,0.30314825923492816,hippocampus_264,80,462,1.0,0.8787954830614806,1,4224,3842,0.8484678268432617,0.9582654059341376,0.9967394848386045,683,0.9328043639970246,0.1
0.9140758873929009,141,dice_plus_onecut,0.3142760756596388,hippocampus_264,85,476,1.0,0.8766917293233083,1,4233,3842,0.8479280471801758,0.9588772845953003,0.9970626631853786,702,0.9305263157894736,0.1
0.9155033063923586,141,dice_plus_naive_hybrid,0.3073999450444053,hippocampus_264,81,467,1.0,0.8783546526210183,1,4228,3842,0.8483148813247681,0.9595696119986958,0.997065536354744,689,0.9320941759603469,0.1
0.9140758873929009,141,dice_plus_tolerance_hybrid,0.3145464500476107,hippocampus_264,85,477,1.0,0.8764720621398145,1,4234,3842,0.8479039072990417,0.95822454308094,0.9970626631853786,703,0.9304110946012878,0.1
0.8982376350198976,67,baseline,0.42564504830619676,hippocampus_277,100,641,1.0,0.8576149820985954,1,3845,3304,0.8210467100143433,0.9660846205507052,0.9976494291470785,808,0.8963491397398238,0.02
0.9189960068454078,48,dice_only,0.3525714875646552,hippocampus_277,64,547,1.0,0.8820083682008368,1,3787,3304,0.8323101997375488,0.9702702702702702,0.9979729729729729,659,0.9138344380200254,0.02
0.9189497716894978,49,dice_plus_band,0.35060242434683553,hippocampus_277,64,543,1.0,0.8825006977393246,1,3783,3304,0.8323678374290466,0.9712837837837838,0.9979729729729729,656,0.9143502187103146,0.02
0.9189497716894978,49,dice_plus_onecut,0.35177853514547874,hippocampus_277,64,544,1.0,0.8822544642857143,1,3784,3304,0.8323008418083191,0.9712934819317798,0.9979736575481256,657,0.9142212189616253,0.02
0.9189497716894978,49,dice_plus_naive_hybrid,0.35110308766152065,hippocampus_277,64,543,1.0,0.8825006977393246,1,3783,3304,0.8323464393615723,0.9712934819317798,0.9979736575481256,656,0.9143502187103146,0.02
0.9189497716894978,49,dice_plus_tolerance_hybrid,0.3517785351454787,hippocampus_277,64,544,1.0,0.8822544642857143,1,3784,3304,0.8323001861572266,0.9706180344478217,0.9983113812901047,657,0.9142212189616253,0.02
0.8982376350198976,67,baseline,0.42564504830619676,hippocampus_277,100,641,1.0,0.8576149820985954,1,3845,3304,0.8210467100143433,0.9660846205507052,0.9976494291470785,808,0.8963491397398238,0.05
0.9342857142857143,36,dice_only,0.29821183166405496,hippocampus_277,40,468,1.0,0.9010180995475113,1,3732,3304,0.8448082804679871,0.9772108843537415,0.9982993197278912,544,0.9277998862990335,0.05
0.9348571428571428,36,dice_plus_band,0.293168148968563,hippocampus_277,39,460,1.0,0.9028053272881836,1,3725,3304,0.8451675772666931,0.9778911564625851,0.9982993197278912,535,0.9290083937971262,0.05
0.9342857142857143,36,dice_plus_onecut,0.29772396539120544,hippocampus_277,40,467,1.0,0.9012729844413013,1,3731,3304,0.8448374271392822,0.977543382102756,0.9982987410683906,543,0.9279317697228145,0.05
0.9345527293512432,36,dice_plus_naive_hybrid,0.29476199260883346,hippocampus_277,40,462,1.0,0.9022939677145284,1,3726,3304,0.8450555801391602,0.9775357385976855,0.9982981620149761,538,0.9285917496443812,0.05
0.9342857142857143,36,dice_plus_tolerance_hybrid,0.29772396539120544,hippocampus_277,40,467,1.0,0.9012729844413013,1,3731,3304,0.8448311686515808,0.977543382102756,0.9982987410683906,543,0.9279317697228145,0.05
0.8982376350198976,67,baseline,0.42564504830619676,hippocampus_277,100,641,1.0,0.8576149820985954,1,3845,3304,0.8210467100143433,0.9660846205507052,0.9976494291470785,808,0.8963491397398238,0.1
0.9461318051575931,26,dice_only,0.2526519204876919,hippocampus_277,28,399,1.0,0.9165950128976784,1,3675,3304,0.8571652173995972,0.9822161422708618,0.9986320109439124,453,0.9388164493480441,0.1
0.9469153515064562,28,dice_plus_band,0.244702295899491,hippocampus_277,25,390,1.0,0.9180045871559633,1,3669,3304,0.857986569404602,0.9822222222222222,0.9986324786324786,443,0.9404847268033845,0.1
0.9461318051575931,26,dice_plus_onecut,0.2512189113308644,hippocampus_277,28,396,1.0,0.9173838209982789,1,3672,3304,0.8572625517845154,0.9818803418803419,0.9989743589743589,450,0.9392201834862385,0.1
0.9464029807967899,27,dice_plus_naive_hybrid,0.24737365538030703,hippocampus_277,26,392,1.0,0.9182209469153515,1,3670,3304,0.8577327728271484,0.9818865345181135,0.9989747095010253,445,0.9400630914826499,0.1
0.9461318051575931,26,dice_plus_tolerance_hybrid,0.2512189113308644,hippocampus_277,28,396,1.0,0.9173838209982789,1,3672,3304,0.8572489023208618,0.9818803418803419,0.9989743589743589,450,0.9392201834862385,0.1
0.7878391631252043,58,baseline,0.8110509875974958,hippocampus_280,218,1034,2.0,0.7589674824002682,1,3429,2613,0.7498120665550232,0.7885232744783307,0.9727126805778491,1310,0.792783846408474,0.02
0.8115942028985508,33,dice_only,0.7582169743858334,hippocampus_280,184,959,2.0,0.7851602023608769,1,3388,2613,0.7621738910675049,0.8108326596604689,0.9793856103476152,1176,0.8095317447092152,0.02
0.8122529644268774,33,dice_plus_band,0.7574921761059885,hippocampus_280,183,956,2.0,0.785690178872764,1,3386,2613,0.7622145414352417,0.8116410670978172,0.978981406628941,1172,0.8101350225037506,0.02
0.8118616144975288,33,dice_plus_onecut,0.7567923039157686,hippocampus_280,183,956,2.0,0.7860998650472335,1,3386,2613,0.7621145248413086,0.8141414141414142,0.978989898989899,1172,0.8101350225037506,0.02
0.8122529644268774,33,dice_plus_naive_hybrid,0.7560827755216185,hippocampus_280,182,956,2.0,0.7860998650472335,1,3387,2613,0.7621790766716003,0.81421647819063,0.9789983844911146,1171,0.8103333333333333,0.02
0.8114700065919578,33,dice_plus_tolerance_hybrid,0.7571270219459691,hippocampus_280,184,956,2.0,0.7860998650472335,1,3385,2613,0.7621039152145386,0.8133333333333334,0.978989898989899,1173,0.8099366455485162,0.02
0.7878391631252043,58,baseline,0.8110509875974958,hippocampus_280,218,1034,2.0,0.7589674824002682,1,3429,2613,0.7498120665550232,0.7885232744783307,0.9727126805778491,1310,0.792783846408474,0.05
0.8334439283344393,20,dice_only,0.6879796712190039,hippocampus_280,154,860,1.7320508075688772,0.8108293351610693,1,3319,2613,0.7751671075820923,0.8400652794777642,0.9836801305589555,1034,0.8290627107215105,0.05
0.8350481247925655,20,dice_plus_band,0.6802739279656507,hippocampus_280,151,851,1.7320508075688772,0.8129076553381394,1,3313,2613,0.7756564021110535,0.8440816326530612,0.983265306122449,1022,0.8309146135673304,0.05
0.8342743274659582,20,dice_plus_onecut,0.6838864188629549,hippocampus_280,154,851,1.7320508075688772,0.8125,1,3310,2613,0.7753332853317261,0.8440179665169457,0.9857084524295631,1025,0.830322471720412,0.05
0.8342743274659582,20,dice_plus_naive_hybrid,0.682997016827482,hippocampus_280,154,849,1.7320508075688772,0.8130584192439863,1,3308,2613,0.7755805850028992,0.8444262964475296,0.9853001224989791,1023,0.8306029386927883,0.05
0.8348288467929544,20,dice_plus_tolerance_hybrid,0.683792709076152,hippocampus_280,154,851,1.7320508075688772,0.8119423472889499,1,3310,2613,0.7753202319145203,0.8432013066557779,0.9865251122907309,1025,0.830322471720412,0.05
0.7878391631252043,58,baseline,0.8110509875974958,hippocampus_280,218,1034,2.0,0.7589674824002682,1,3429,2613,0.7498120665550232,0.7885232744783307,0.9727126805778491,1310,0.792783846408474,0.1
0.8480801335559266,13,dice_only,0.63859155375939,hippocampus_280,140,786,1.7320508075688772,0.8272506082725061,1,3259,2613,0.7876679301261902,0.8601973684210527,0.9888980263157895,939,0.8423024523160763,0.1
0.8501835168501836,14,dice_plus_band,0.6286429678476307,hippocampus_280,133,779,1.7320508075688772,0.8292173913043478,1,3259,2613,0.7889306545257568,0.8606658446362515,0.987258528565557,926,0.8446866485013624,0.1
0.8480801335559266,13,dice_plus_onecut,0.6340915493331523,hippocampus_280,137,782,1.4142135623730951,0.8296244784422809,1,3258,2613,0.788456380367279,0.8661740558292282,0.9905582922824302,932,0.8434678930335547,0.1
0.8491321762349799,14,dice_plus_naive_hybrid,0.6306221444709104,hippocampus_280,136,777,1.4142135623730951,0.8296760710553814,1,3254,2613,0.7888963222503662,0.8651315789473685,0.9893092105263158,927,0.8443838418271689,0.1
0.8480801335559266,13,dice_plus_tolerance_hybrid,0.6340013464252571,hippocampus_280,137,782,1.4142135623730951,0.8296244784422809,1,3258,2613,0.7884716987609863,0.8657084188911705,0.9905544147843942,932,0.8434678930335547,0.1
0.8804410911201392,52,baseline,0.6650734903762875,hippocampus_286,76,963,1.7320508075688772,0.8068692206076619,1,4059,3172,0.7783278226852417,0.8553798688777478,0.9714616274585423,1091,0.8563130963905408,0.02
0.9062961868164351,22,dice_only,0.5874250464532623,hippocampus_286,51,850,1.7320508075688772,0.8329787234042553,1,3971,3172,0.7902266383171082,0.877431906614786,0.9754863813229572,923,0.873862522749545,0.02
0.9060838747784997,25,dice_plus_band,0.5838002017025732,hippocampus_286,48,848,1.7320508075688772,0.8328898350186269,1,3972,3172,0.7902498245239258,0.8782574873590043,0.9754959159859977,921,0.8745800671892497,0.02
0.9057607090103398,23,dice_plus_onecut,0.5890857270728854,hippocampus_286,51,852,1.7320508075688772,0.8324468085106383,1,3973,3172,0.7902168035507202,0.8782101167315175,0.9754863813229572,926,0.8736179146256123,0.02
0.9063515509601182,23,dice_plus_naive_hybrid,0.5845781091315891,hippocampus_286,48,849,1.7320508075688772,0.8335106382978723,1,3973,3172,0.7902415990829468,0.8782574873590043,0.9754959159859977,920,0.8744576627011896,0.02
0.9057607090103398,23,dice_plus_tolerance_hybrid,0.5890857270728854,hippocampus_286,51,852,1.7320508075688772,0.8324468085106383,1,3973,3172,0.790213942527771,0.8782101167315175,0.9754863813229572,926,0.8736179146256123,0.02
0.8804410911201392,52,baseline,0.6650734903762875,hippocampus_286,76,963,1.7320508075688772,0.8068692206076619,1,4059,3172,0.7783278226852417,0.8553798688777478,0.9714616274585423,1091,0.8563130963905408,0.05
0.9244604316546763,0,dice_only,0.5295482988740975,hippocampus_286,37,767,1.4142135623730951,0.8523274478330658,1,3902,3172,0.8036000728607178,0.8934169278996865,0.9788401253918495,804,0.8863443596268024,0.05
0.9258480936655659,0,dice_plus_band,0.5259332214684479,hippocampus_286,37,758,1.4142135623730951,0.8532404927691484,1,3893,3172,0.8039326667785645,0.8948194662480377,0.978414442700157,795,0.8874734607218684,0.05
0.9244604316546763,0,dice_plus_onecut,0.5298136966193157,hippocampus_286,37,764,1.4142135623730951,0.8530120481927711,1,3899,3172,0.8037120699882507,0.8945098039215686,0.9792156862745098,801,0.886720407297412,0.05
0.9255702280912365,0,dice_plus_naive_hybrid,0.5271271469093265,hippocampus_286,37,760,1.4142135623730951,0.8530120481927711,1,3895,3172,0.8038785457611084,0.8945098039215686,0.9784313725490196,797,0.8872223008348663,0.05
0.9244604316546763,0,dice_plus_tolerance_hybrid,0.5290293828938255,hippocampus_286,37,763,1.4142135623730951,0.8532404927691484,1,3898,3172,0.8036994338035583,0.8945098039215686,0.9792156862745098,800,0.8868458274398868,0.05
0.8804410911201392,52,baseline,0.6650734903762875,hippocampus_286,76,963,1.7320508075688772,0.8068692206076619,1,4059,3172,0.7783278226852417,0.8553798688777478,0.9714616274585423,1091,0.8563130963905408,0.1
0.935591170244935,0,dice_only,0.4778103165870351,hippocampus_286,29,694,1.4142135623730951,0.8622366288492707,1,3837,3172,0.8174483180046082,0.9070866141732283,0.9822834645669292,723,0.8968469111142816,0.1
0.9384288747346072,0,dice_plus_band,0.46610385297958834,hippocampus_286,29,671,1.4142135623730951,0.8652751423149905,1,3814,3172,0.8183490633964539,0.9135753749013418,0.9822415153906867,700,0.8997995991983968,0.1
0.9361573373676249,0,dice_plus_onecut,0.47456383762788096,hippocampus_286,29,683,1.4142135623730951,0.8643379366368806,1,3826,3172,0.8178002834320068,0.9145332808192201,0.9826703426545884,712,0.8982566447556445,0.1
0.9375757575757576,0,dice_plus_naive_hybrid,0.469978685867471,hippocampus_286,29,673,1.4142135623730951,0.8655097613882863,1,3816,3172,0.8182138204574585,0.9172250689791092,0.9826566811194324,702,0.8995420721236406,0.1
0.9361573373676249,0,dice_plus_tolerance_hybrid,0.4745717980090876,hippocampus_286,29,684,1.4142135623730951,0.8641039523551706,1,3827,3172,0.8177750110626221,0.9128892392589673,0.9826566811194324,713,0.8981283040434348,0.1
0.872647274505011,192,baseline,0.5043771429791624,hippocampus_288,150,716,1.4142135623730951,0.824969987995198,1,4411,3845,0.7823061347007751,0.9437041972018654,0.9893404397068621,1058,0.8951065891472868,0.02
0.8931034482758621,171,dice_only,0.41894817049098065,hippocampus_288,90,614,1.0,0.8526721232546943,1,4369,3845,0.7937896251678467,0.954864593781344,0.990304246071548,875,0.9142926710494278,0.02
0.8937638649248213,171,dice_plus_band,0.41655201670743497,hippocampus_288,90,609,1.0,0.853082851637765,1,4364,3845,0.7938388586044312,0.9548343927735028,0.9902977584476413,870,0.9148495553660616,0.02
0.8933234786893324,171,dice_plus_onecut,0.41961684317570147,hippocampus_288,90,615,1.0,0.8522617901828682,1,4370,3845,0.7937685251235962,0.954864593781344,0.990304246071548,876,0.9141813755325624,0.02
0.893543617545589,171,dice_plus_naive_hybrid,0.4174160461332853,hippocampus_288,90,611,1.0,0.852877437996629,1,4366,3845,0.7938153147697449,0.9548494983277592,0.9903010033444816,872,0.9146267202533187,0.02
0.8933234786893324,171,dice_plus_tolerance_hybrid,0.41961684317570147,hippocampus_288,90,615,1.0,0.8522617901828682,1,4370,3845,0.7937653064727783,0.954864593781344,0.990304246071548,876,0.9141813755325624,0.02
0.872647274505011,192,baseline,0.5043771429791624,hippocampus_288,150,716,1.4142135623730951,0.824969987995198,1,4411,3845,0.7823061347007751,0.9437041972018654,0.9893404397068621,1058,0.8951065891472868,0.05
0.9049863557429918,164,dice_only,0.36274387548492665,hippocampus_288,63,538,1.0,0.8679245283018868,1,4320,3845,0.8066481351852417,0.9587109768378651,0.9909365558912386,765,0.9263931414574403,0.05
0.9059786653435872,164,dice_plus_band,0.3583612463086714,hippocampus_288,61,532,1.0,0.8687651331719128,1,4316,3845,0.8069443702697754,0.9590329079919409,0.9909335124244459,757,0.9273373361107707,0.05
0.9052109181141439,164,dice_plus_onecut,0.36137359724156737,hippocampus_288,63,535,1.0,0.8683446272991288,1,4317,3845,0.806665301322937,0.9586971121558092,0.9916051040967092,762,0.9267336437147758,0.05
0.9057071960297767,164,dice_plus_naive_hybrid,0.35921973103526333,hippocampus_288,62,532,1.0,0.8687651331719128,1,4315,3845,0.8068516254425049,0.9590329079919409,0.9916051040967092,758,0.9272058823529412,0.05
0.9052109181141439,164,dice_plus_tolerance_hybrid,0.36158797334185555,hippocampus_288,63,536,1.0,0.8681345269779821,1,4318,3845,0.8066585063934326,0.9587109768378651,0.9916079221215173,763,0.9266201151537425,0.05
0.872647274505011,192,baseline,0.5043771429791624,hippocampus_288,150,716,1.4142135623730951,0.824969987995198,1,4411,3845,0.7823061347007751,0.9437041972018654,0.9893404397068621,1058,0.8951065891472868,0.1
0.9143998003493886,158,dice_only,0.3168937730840662,hippocampus_288,46,474,1.0,0.88007783994162,1,4273,3845,0.8206815719604492,0.9630500503862949,0.9919381928115553,678,0.9359448139935945,0.1
0.916083916083916,158,dice_plus_band,0.3070491967449394,hippocampus_288,42,464,1.0,0.8816942551119766,1,4267,3845,0.8212828040122986,0.9644414625964441,0.9919490103991949,664,0.9376232741617357,0.1
0.914856429463171,158,dice_plus_onecut,0.31454123901460823,hippocampus_288,45,469,1.0,0.8809929423217328,1,4269,3845,0.8207803964614868,0.9637340496977838,0.9932840832773674,672,0.9366526990386985,0.1
0.9155844155844156,158,dice_plus_naive_hybrid,0.31081135546052724,hippocampus_288,44,465,1.0,0.8814219625030436,1,4266,3845,0.8211213946342468,0.964405641370047,0.9922766957689725,667,0.9372457156947356,0.1
0.914856429463171,158,dice_plus_tolerance_hybrid,0.31454123901460823,hippocampus_288,45,469,1.0,0.8809929423217328,1,4269,3845,0.8207787275314331,0.9637340496977838,0.9932840832773674,672,0.9366526990386985,0.1
0.8491927172792855,64,baseline,0.6972817426840252,hippocampus_289,104,941,1.7320508075688772,0.7842445620223398,1,3575,2738,0.7813823223114014,0.8481375358166189,0.9680720425706099,1109,0.8344685569459844,0.02
0.8634942688433483,58,dice_only,0.6442254283125161,hippocampus_289,86,863,1.7320508075688772,0.8008298755186722,1,3515,2738,0.7911486029624939,0.8678232135481206,0.9727385377942999,1007,0.8482328482328483,0.02
0.8634942688433483,59,dice_plus_band,0.6443965202424511,hippocampus_289,86,862,1.7320508075688772,0.8004743551734361,1,3514,2738,0.7911783456802368,0.8682362660057827,0.9723254853366378,1007,0.8483685220729367,0.02
0.8634942688433483,59,dice_plus_onecut,0.644880441297905,hippocampus_289,87,862,1.7320508075688772,0.8001186239620404,1,3513,2738,0.791088342666626,0.8690623709211069,0.9723254853366378,1008,0.8481842905135178,0.02
0.8637943015983321,59,dice_plus_naive_hybrid,0.6440543363825807,hippocampus_289,86,861,1.7320508075688772,0.8004743551734361,1,3513,2738,0.791144609451294,0.8690623709211069,0.9723254853366378,1006,0.8485042393217085,0.02
0.8637943015983321,58,dice_plus_tolerance_hybrid,0.644880441297905,hippocampus_289,87,862,1.7320508075688772,0.8004743551734361,1,3513,2738,0.7910792827606201,0.8690623709211069,0.9723254853366378,1007,0.8481842905135178,0.02
0.8491927172792855,64,baseline,0.6972817426840252,hippocampus_289,104,941,1.7320508075688772,0.7842445620223398,1,3575,2738,0.7813823223114014,0.8481375358166189,0.9680720425706099,1109,0.8344685569459844,0.05
0.8785112359550562,47,dice_only,0.5931026834942498,hippocampus_289,68,795,1.7320508075688772,0.8178837555886737,1,3465,2738,0.8023457527160645,0.8787878787878788,0.975093399750934,910,0.8608737707560857,0.05
0.8796913363732024,48,dice_plus_band,0.5862485887736836,hippocampus_289,63,790,1.7320508075688772,0.8192124105011933,1,3465,2738,0.802727222442627,0.8805474906677727,0.975114060555786,901,0.8624858939222957,0.05
0.8788198103266597,47,dice_plus_onecut,0.5917323265409699,hippocampus_289,69,792,1.7320508075688772,0.818019093078759,1,3461,2738,0.8023526668548584,0.8808139534883721,0.9754983388704319,908,0.8611066301016292,0.05
0.8788198103266597,48,dice_plus_naive_hybrid,0.5914150790233202,hippocampus_289,68,791,1.7320508075688772,0.818019093078759,1,3461,2738,0.8026012778282166,0.8803986710963455,0.9750830564784053,907,0.8614292627843201,0.05
0.8788198103266597,47,dice_plus_tolerance_hybrid,0.5908996383346959,hippocampus_289,69,791,1.7320508075688772,0.8182632050134289,1,3460,2738,0.8023399114608765,0.8812785388127854,0.9755085097550851,907,0.8612455630848661,0.05
0.8491927172792855,64,baseline,0.6972817426840252,hippocampus_289,104,941,1.7320508075688772,0.7842445620223398,1,3575,2738,0.7813823223114014,0.8481375358166189,0.9680720425706099,1109,0.8344685569459844,0.1
0.8900671615411806,38,dice_only,0.5531599504804954,hippocampus_289,51,749,1.7320508075688772,0.8310911808669657,1,3436,2738,0.8139314651489258,0.88722430295464,0.9762796504369539,838,0.8704243602202786,0.1
0.8927433628318584,40,dice_plus_band,0.5320868117860571,hippocampus_289,43,726,1.4142135623730951,0.8362327534493101,1,3421,2738,0.8150521516799927,0.8917568692756037,0.9771024146544546,809,0.8751420685176164,0.1
0.8894383610031791,39,dice_plus_onecut,0.5454173689866164,hippocampus_289,50,735,1.4142135623730951,0.8348348348348348,1,3423,2738,0.8142726421356201,0.8937942523948355,0.9795918367346939,824,0.8725856192176594,0.1
0.8924274593064402,40,dice_plus_naive_hybrid,0.536245841654179,hippocampus_289,46,726,1.4142135623730951,0.8354354354354354,1,3418,2738,0.814826250076294,0.8941666666666667,0.9779166666666667,812,0.8745938921377517,0.1
0.8894383610031791,39,dice_plus_tolerance_hybrid,0.5454573388308679,hippocampus_289,50,735,1.4142135623730951,0.8348348348348348,1,3423,2738,0.8142781257629395,0.8941666666666667,0.98,824,0.8725856192176594,0.1
0.8600917431192661,131,baseline,0.6164701967904139,hippocampus_296,361,773,1.4142135623730951,0.7978395061728395,1,4330,3918,0.8084040880203247,0.8997429305912596,0.9945372750642674,1265,0.8625121241513094,0.02
0.8783970520497466,123,dice_only,0.5479548437212007,hippocampus_296,301,690,1.4142135623730951,0.8174092196755086,1,4307,3918,0.8189511299133301,0.9170951156812339,0.9967866323907455,1114,0.8795136778115501,0.02
0.8789134438305709,123,dice_plus_band,0.5461726545648496,hippocampus_296,299,689,1.4142135623730951,0.8176197836166924,1,4308,3918,0.8190007209777832,0.9171217475104401,0.9967876646321876,1111,0.8798930221249696,0.02
0.8783970520497466,123,dice_plus_onecut,0.5484953844521789,hippocampus_296,302,689,1.4142135623730951,0.8173151249677918,1,4305,3918,0.8189243674278259,0.9170951156812339,0.9967866323907455,1114,0.879484373099842,0.02
0.8786553073912042,123,dice_plus_naive_hybrid,0.5472100374084772,hippocampus_296,300,689,1.4142135623730951,0.8176197836166924,1,4307,3918,0.8189749121665955,0.9170951156812339,0.9967866323907455,1112,0.879756838905775,0.02
0.8783970520497466,123,dice_plus_tolerance_hybrid,0.5484953844521789,hippocampus_296,302,689,1.4142135623730951,0.8173151249677918,1,4305,3918,0.8189213275909424,0.9170951156812339,0.9967866323907455,1114,0.879484373099842,0.02
0.8600917431192661,131,baseline,0.6164701967904139,hippocampus_296,361,773,1.4142135623730951,0.7978395061728395,1,4330,3918,0.8084040880203247,0.8997429305912596,0.9945372750642674,1265,0.8625121241513094,0.05
0.8906322104291647,111,dice_only,0.496561261840168,hippocampus_296,258,632,1.4142135623730951,0.8353973168214655,1,4292,3918,0.8305196166038513,0.9243156199677939,0.9967793880837359,1001,0.8915956151035322,0.05
0.8910433979686058,111,dice_plus_band,0.4933096108523492,hippocampus_296,256,628,1.4142135623730951,0.8364293085655314,1,4290,3918,0.8308987617492676,0.9252818035426731,0.9967793880837359,995,0.8923001949317739,0.05
0.8906826568265682,111,dice_plus_onecut,0.49551693311645806,hippocampus_296,255,632,1.4142135623730951,0.8362135671911272,1,4295,3918,0.830561637878418,0.9259259259259259,0.9967793880837359,998,0.8920004870327529,0.05
0.8908881199538639,111,dice_plus_naive_hybrid,0.4950354402210568,hippocampus_296,256,630,1.4142135623730951,0.8361290322580646,1,4292,3918,0.8307895660400391,0.9259497746297489,0.9967804249839022,997,0.8920828258221681,0.05
0.8904267589388697,111,dice_plus_tolerance_hybrid,0.4966923186402267,hippocampus_296,257,632,1.4142135623730951,0.8359133126934984,1,4293,3918,0.830540120601654,0.9253058596265293,0.9967804249839022,1000,0.8917306052855924,0.05
0.8600917431192661,131,baseline,0.6164701967904139,hippocampus_296,361,773,1.4142135623730951,0.7978395061728395,1,4330,3918,0.8084040880203247,0.8997429305912596,0.9945372750642674,1265,0.8625121241513094,0.1
0.9007174265216386,102,dice_only,0.4536398780757128,hippocampus_296,230,578,1.4142135623730951,0.8490810251100182,1,4266,3918,0.841697096824646,0.9353281853281853,0.9980694980694981,910,0.9012707722385142,0.1
0.9018972697825081,103,dice_plus_band,0.44670607292920356,hippocampus_296,225,570,1.4142135623730951,0.8504793988079813,1,4263,3918,0.8426989316940308,0.9369774919614148,0.9980707395498393,898,0.9028236156949028,0.1
0.9007633587786259,103,dice_plus_onecut,0.4511997772547814,hippocampus_296,228,574,1.4142135623730951,0.84996112982638,1,4264,3918,0.841977596282959,0.9382636655948553,0.9980707395498393,905,0.9019799560009778,0.1
0.9014801110083256,104,dice_plus_naive_hybrid,0.44792506676112276,hippocampus_296,224,571,1.4142135623730951,0.8504793988079813,1,4265,3918,0.8424810767173767,0.9382438082984883,0.9980701190093277,899,0.9028473664915068,0.1
0.9007633587786259,103,dice_plus_tolerance_hybrid,0.4512307664242917,hippocampus_296,228,575,1.4142135623730951,0.8497409326424871,1,4265,3918,0.8419246077537537,0.9379421221864952,0.9980707395498393,906,0.9018697299278993,0.1
0.831006831006831,66,baseline,0.6839386842547713,hippocampus_305,296,820,1.7320508075688772,0.7888024883359254,1,3553,3029,0.7797806262969971,0.8399545970488081,0.9856223987892546,1182,0.8304466727438469,0.02
0.8552049542907697,34,dice_only,0.6244665463318316,hippocampus_305,251,759,1.4142135623730951,0.8151181102362205,1,3537,3029,0.791467547416687,0.8611320754716981,0.990188679245283,1044,0.8461772768809016,0.02
0.8548672566371681,35,dice_plus_band,0.6231288757903214,hippocampus_305,251,755,1.4142135623730951,0.8158890290037831,1,3533,3029,0.7914971709251404,0.8613524744994333,0.9901775595013222,1041,0.8466930813776288,0.02
0.8546151577705692,35,dice_plus_onecut,0.6249758740526343,hippocampus_305,251,759,1.4142135623730951,0.8151181102362205,1,3537,3029,0.7914237976074219,0.8622641509433963,0.9905660377358491,1045,0.8461772768809016,0.02
0.8552049542907697,35,dice_plus_naive_hybrid,0.623167932305439,hippocampus_305,250,757,1.4142135623730951,0.8153749212350346,1,3536,3029,0.7914714217185974,0.8625896564741412,0.990562476406191,1042,0.8466108149276466,0.02
0.8546151577705692,35,dice_plus_tolerance_hybrid,0.6249758740526343,hippocampus_305,251,759,1.4142135623730951,0.8151181102362205,1,3537,3029,0.7914214134216309,0.8622641509433963,0.9905660377358491,1045,0.8461772768809016,0.02
0.831006831006831,66,baseline,0.6839386842547713,hippocampus_305,296,820,1.7320508075688772,0.7888024883359254,1,3553,3029,0.7797806262969971,0.8399545970488081,0.9856223987892546,1182,0.8304466727438469,0.05
0.8679023242130038,23,dice_only,0.5790354843461437,hippocampus_305,224,699,1.4142135623730951,0.834077855775367,1,3504,3029,0.8037835359573364,0.8786848072562359,0.9916855631141346,946,0.8587172814939538,0.05
0.8688235294117647,24,dice_plus_band,0.5708888512150768,hippocampus_305,215,694,1.4142135623730951,0.8371055148230794,1,3508,3029,0.8042538166046143,0.879154078549849,0.9916918429003021,933,0.8609453877925654,0.05
0.8689006466784245,23,dice_plus_onecut,0.5745492145709769,hippocampus_305,221,695,1.4142135623730951,0.8351437699680511,1,3503,3029,0.8039737939834595,0.881797583081571,0.993202416918429,939,0.8597672994488671,0.05
0.8698972099853157,24,dice_plus_naive_hybrid,0.5709968928139602,hippocampus_305,214,697,1.4142135623730951,0.8354591836734694,1,3512,3029,0.8041987419128418,0.8807547169811321,0.9924528301886792,935,0.8607246598379452,0.05
0.8689006466784245,23,dice_plus_tolerance_hybrid,0.5745492145709769,hippocampus_305,221,695,1.4142135623730951,0.8351437699680511,1,3503,3029,0.8039643168449402,0.881797583081571,0.993202416918429,939,0.8597672994488671,0.05
0.831006831006831,66,baseline,0.6839386842547713,hippocampus_305,296,820,1.7320508075688772,0.7888024883359254,1,3553,3029,0.7797806262969971,0.8399545970488081,0.9856223987892546,1182,0.8304466727438469,0.1
0.880868544600939,16,dice_only,0.5265245659894926,hippocampus_305,185,653,1.4142135623730951,0.8511866581141757,1,3497,3029,0.8154382109642029,0.8921161825726142,0.995096190116937,854,0.8715905608335888,0.1
0.8820422535211268,17,dice_plus_band,0.5133197965621971,hippocampus_305,178,639,1.4142135623730951,0.8556734169077467,1,3490,3029,0.8166260719299316,0.897774424745379,0.994718973972086,834,0.8746740297591655,0.1
0.8826979472140762,16,dice_plus_onecut,0.5186513792613837,hippocampus_305,178,645,1.4142135623730951,0.8539325842696629,1,3496,3029,0.816006064414978,0.8978899773926149,0.9958553127354935,839,0.8738697318007663,0.1
0.8823701965385744,17,dice_plus_naive_hybrid,0.5140370432344125,hippocampus_305,176,639,1.4142135623730951,0.8560411311053985,1,3492,3029,0.8165233135223389,0.8981900452488688,0.995475113122172,832,0.8750191688391351,0.1
0.8820422535211268,16,dice_plus_tolerance_hybrid,0.5209706222960991,hippocampus_305,182,644,1.4142135623730951,0.8534704370179949,1,3491,3029,0.8159719705581665,0.8973972086005281,0.99622783855149,842,0.8733128834355828,0.1
0.9290444654683065,1,baseline,0.45609712309748507,hippocampus_308,65,682,1.0,0.878550175818231,1,4271,3654,0.8367330431938171,0.9684285207520398,0.9932600212841434,748,0.9057413249211357,0.02
0.9452380952380952,0,dice_only,0.38119556738380006,hippocampus_308,38,571,1.0,0.8959077176599836,1,4187,3654,0.847071647644043,0.9760114572144647,0.9949874686716792,609,0.9223313352888662,0.02
0.9454891692454177,0,dice_plus_band,0.3797634155757084,hippocampus_308,37,569,1.0,0.8964001099203078,1,4186,3654,0.8471612334251404,0.9760114572144647,0.9949874686716792,606,0.922704081632653,0.02
0.9450130921209235,0,dice_plus_onecut,0.38124754717960374,hippocampus_308,38,571,1.0,0.8961538461538462,1,4187,3654,0.8470840454101562,0.9763610315186246,0.9953438395415473,609,0.9223313352888662,0.02
0.9452380952380952,0,dice_plus_naive_hybrid,0.38053121480138025,hippocampus_308,38,570,1.0,0.8961538461538462,1,4186,3654,0.8471376299858093,0.9763610315186246,0.9953438395415473,608,0.9224489795918367,0.02
0.9450130921209235,0,dice_plus_tolerance_hybrid,0.38124754717960374,hippocampus_308,38,571,1.0,0.8961538461538462,1,4187,3654,0.8470821380615234,0.9763610315186246,0.9953438395415473,609,0.9223313352888662,0.02
0.9290444654683065,1,baseline,0.45609712309748507,hippocampus_308,65,682,1.0,0.878550175818231,1,4271,3654,0.8367330431938171,0.9684285207520398,0.9932600212841434,748,0.9057413249211357,0.05
0.955002393489708,0,dice_only,0.3191740066932333,hippocampus_308,21,482,1.0,0.9122807017543859,1,4115,3654,0.8582507967948914,0.9823741007194244,0.996043165467626,503,0.9352555026386923,0.05
0.9554597701149425,0,dice_plus_band,0.31413803547021174,hippocampus_308,20,475,1.0,0.9138555896292166,1,4109,3654,0.8586616516113281,0.9823741007194244,0.996043165467626,495,0.9362359912404998,0.05
0.955002393489708,0,dice_plus_onecut,0.319893431153665,hippocampus_308,21,483,1.0,0.9120267260579065,1,4116,3654,0.8583137392997742,0.9823741007194244,0.996043165467626,504,0.9351351351351351,0.05
0.9552310270529087,0,dice_plus_naive_hybrid,0.31582299122876256,hippocampus_308,20,478,1.0,0.9133463360267484,1,4112,3654,0.8585435152053833,0.9823804386911184,0.996044588277598,498,0.935874323976307,0.05
0.955002393489708,0,dice_plus_tolerance_hybrid,0.319893431153665,hippocampus_308,21,483,1.0,0.9120267260579065,1,4116,3654,0.858304500579834,0.9823741007194244,0.996043165467626,504,0.9351351351351351,0.05
0.9290444654683065,1,baseline,0.45609712309748507,hippocampus_308,65,682,1.0,0.878550175818231,1,4271,3654,0.8367330431938171,0.9684285207520398,0.9932600212841434,748,0.9057413249211357,0.1
0.9619826756496631,0,dice_only,0.26610638370549194,hippocampus_308,16,397,1.0,0.9278233795641099,1,4035,3654,0.8698984980583191,0.9844089920232052,0.9970993473531544,413,0.9462869033684485,0.1
0.9640704123462744,0,dice_plus_band,0.25605572330539295,hippocampus_308,16,379,1.0,0.9301929625425652,1,4017,3654,0.8707576990127563,0.9843806756265892,0.9970940791863422,395,0.948507365402164,0.1
0.9619826756496631,0,dice_plus_onecut,0.26580839443242216,hippocampus_308,16,396,1.0,0.9280860702151755,1,4034,3654,0.8700451254844666,0.9844089920232052,0.9974619289340102,412,0.9464099895941728,0.1
0.9631414117080221,0,dice_plus_naive_hybrid,0.26050284511152344,hippocampus_308,16,385,1.0,0.9296653431650596,1,4023,3654,0.870510995388031,0.9847549909255898,0.997459165154265,401,0.9477660544483523,0.1
0.9619826756496631,0,dice_plus_tolerance_hybrid,0.26580839443242216,hippocampus_308,16,396,1.0,0.9280860702151755,1,4034,3654,0.870026707649231,0.9844089920232052,0.9974619289340102,412,0.9464099895941728,0.1
0.7891196256215267,194,baseline,0.625384971578271,hippocampus_317,220,834,1.4142135623730951,0.8084993359893758,1,3899,3285,0.782107949256897,0.9025168380007089,0.9865295994328253,1248,0.8532850779510023,0.02
0.8242811501597445,135,dice_only,0.5600660823404212,hippocampus_317,188,735,1.4142135623730951,0.8399564507348939,1,3832,3285,0.7943034172058105,0.9205391982972685,0.9890031926214969,1058,0.870310524097232,0.02
0.8245206275421266,135,dice_plus_band,0.5569291405181082,hippocampus_317,187,731,1.4142135623730951,0.840958605664488,1,3829,3285,0.7943412661552429,0.9216034054629301,0.9886484568996098,1053,0.8709586730390779,0.02
0.8245206275421266,135,dice_plus_onecut,0.5626442835438378,hippocampus_317,187,739,1.4142135623730951,0.8391304347826087,1,3837,3285,0.7942458391189575,0.9208939340191558,0.9890031926214969,1061,0.8699803426003931,0.02
0.8245206275421266,135,dice_plus_naive_hybrid,0.5568318468742314,hippocampus_317,186,732,1.4142135623730951,0.8410451823625477,1,3831,3285,0.7943029403686523,0.9216312056737589,0.9890070921985815,1053,0.8709949409780776,0.02
0.8245206275421266,135,dice_plus_tolerance_hybrid,0.5617878757529995,hippocampus_317,187,738,1.4142135623730951,0.8393585213373199,1,3836,3285,0.7942487597465515,0.9212486697410429,0.9890031926214969,1060,0.8701025136918972,0.02
0.7891196256215267,194,baseline,0.625384971578271,hippocampus_317,220,834,1.4142135623730951,0.8084993359893758,1,3899,3285,0.782107949256897,0.9025168380007089,0.9865295994328253,1248,0.8532850779510023,0.05
0.8424737456242707,121,dice_only,0.4951708566646509,hippocampus_317,157,653,1.4142135623730951,0.8592633315008247,1,3781,3285,0.8069130778312683,0.934093338083363,0.9939437121482009,931,0.8853665440135862,0.05
0.8433945756780402,124,dice_plus_band,0.48694355399777056,hippocampus_317,148,649,1.4142135623730951,0.8605161998901703,1,3786,3285,0.8073625564575195,0.9348986125933831,0.9939523301316258,921,0.8872860981473625,0.05
0.8424737456242707,122,dice_plus_onecut,0.4942301746038935,hippocampus_317,157,652,1.4142135623730951,0.8589496838053341,1,3780,3285,0.8070275187492371,0.9348290598290598,0.9939458689458689,931,0.8854918612880396,0.05
0.8427195798074117,123,dice_plus_naive_hybrid,0.49156223933347565,hippocampus_317,153,651,1.4142135623730951,0.8596539412249382,1,3783,3285,0.8072637319564819,0.9348522605909576,0.9939480242079032,927,0.8862478777589134,0.05
0.8424737456242707,122,dice_plus_tolerance_hybrid,0.4942301746038935,hippocampus_317,157,652,1.4142135623730951,0.8589496838053341,1,3780,3285,0.8070237040519714,0.9348290598290598,0.9939458689458689,931,0.8854918612880396,0.05
0.7891196256215267,194,baseline,0.625384971578271,hippocampus_317,220,834,1.4142135623730951,0.8084993359893758,1,3899,3285,0.782107949256897,0.9025168380007089,0.9865295994328253,1248,0.8532850779510023,0.1
0.8517977199649225,116,dice_only,0.4562349503895242,hippocampus_317,137,603,1.4142135623730951,0.8713692946058091,1,3751,3285,0.818263053894043,0.9394155381325731,0.9950106913756237,856,0.8948266060261513,0.1
0.8534659257092717,116,dice_plus_band,0.4443375556749586,hippocampus_317,133,589,1.4142135623730951,0.8744108677571389,1,3741,3285,0.8193215131759644,0.9401069518716577,0.9950089126559715,838,0.8972388272132081,0.1
0.853302162478083,116,dice_plus_onecut,0.4532204752535711,hippocampus_317,135,598,1.4142135623730951,0.8717806701744669,1,3748,3285,0.818755030632019,0.9418687589158345,0.996077032810271,849,0.8957770510450732,0.1
0.8535515931014324,116,dice_plus_naive_hybrid,0.44692312209141594,hippocampus_317,132,592,1.4142135623730951,0.8739262953726794,1,3745,3285,0.8192068338394165,0.9415538132573058,0.9957234497505346,840,0.8970128022759601,0.1
0.8530528775927549,116,dice_plus_tolerance_hybrid,0.45298610547181634,hippocampus_317,135,598,1.4142135623730951,0.87202216066482,1,3748,3285,0.8187289237976074,0.9429590017825312,0.9967914438502674,849,0.8957770510450732,0.1
0.8817829457364341,73,baseline,0.44897084697521317,hippocampus_327,244,551,1.4142135623730951,0.8692640692640693,1,3950,3643,0.8206586241722107,0.9481778669341357,0.9946506185222334,868,0.895298301066772,0.02
0.9069155300311079,34,dice_only,0.3874225419347909,hippocampus_327,195,482,1.0,0.8951090159104301,1,3930,3643,0.8321679830551147,0.9585838343353373,0.9966599866399466,711,0.910603459659316,0.02
0.9071325993298229,35,dice_plus_band,0.38495595677888617,hippocampus_327,193,480,1.0,0.8954344624447718,1,3930,3643,0.8322077989578247,0.9585976627712854,0.996661101836394,708,0.9111316519212993,0.02
0.9069155300311079,35,dice_plus_onecut,0.3874225419347909,hippocampus_327,194,483,1.0,0.8945818610129564,1,3932,3643,0.8321348428726196,0.9585838343353373,0.9966599866399466,712,0.9106270627062706,0.02
0.906653901388224,35,dice_plus_naive_hybrid,0.38675453926278025,hippocampus_327,195,481,1.0,0.8951090159104301,1,3929,3643,0.8321824073791504,0.9585838343353373,0.9966599866399466,711,0.9107237189646065,0.02
0.906653901388224,35,dice_plus_tolerance_hybrid,0.3880905446068016,hippocampus_327,195,483,1.0,0.8945818610129564,1,3931,3643,0.8321325778961182,0.9585838343353373,0.9966599866399466,713,0.9104832321098495,0.02
0.8817829457364341,73,baseline,0.44897084697521317,hippocampus_327,244,551,1.4142135623730951,0.8692640692640693,1,3950,3643,0.8206586241722107,0.9481778669341357,0.9946506185222334,868,0.895298301066772,0.05
0.9202777112760354,20,dice_only,0.3386604283541801,hippocampus_327,175,413,1.0,0.9118613683896026,1,3881,3643,0.8444967269897461,0.9652290203945169,0.9969909729187563,608,0.9218500797448166,0.05
0.9222301986121082,20,dice_plus_band,0.3313897303076906,hippocampus_327,168,407,1.0,0.913329348475792,1,3882,3643,0.8448737859725952,0.9662320294215981,0.9973253092611167,595,0.9235880398671097,0.05
0.9210526315789473,20,dice_plus_onecut,0.3380594531381923,hippocampus_327,171,414,1.0,0.9119140041803523,1,3886,3643,0.844545841217041,0.9669117647058824,0.9976604278074866,605,0.9223004383052198,0.05
0.9217516152189519,20,dice_plus_naive_hybrid,0.3344583179321885,hippocampus_327,169,410,1.0,0.9127837514934289,1,3884,3643,0.8447680473327637,0.9662320294215981,0.9976596456034771,599,0.9230769230769231,0.05
0.921090387374462,20,dice_plus_tolerance_hybrid,0.33757719477149317,hippocampus_327,170,415,1.0,0.9119140041803523,1,3888,3643,0.8445347547531128,0.9665775401069518,0.9983288770053476,605,0.9223210728986855,0.05
0.8817829457364341,73,baseline,0.44897084697521317,hippocampus_327,244,551,1.4142135623730951,0.8692640692640693,1,3950,3643,0.8206586241722107,0.9481778669341357,0.9946506185222334,868,0.895298301066772,0.1
0.9334609861177597,15,dice_only,0.2966435742717352,hippocampus_327,144,359,1.0,0.9232621125489016,1,3858,3643,0.8560272455215454,0.9724924521972492,0.9983227104998322,518,0.9329422743634183,0.1
0.9355688622754491,17,dice_plus_band,0.28697292696796284,hippocampus_327,138,349,1.0,0.9241420830824805,1,3854,3643,0.8569716215133667,0.9738430583501007,0.9986586183769283,504,0.9350406829398425,0.1
0.9339712918660287,17,dice_plus_onecut,0.2945135378886256,hippocampus_327,140,359,1.0,0.9227067669172933,1,3862,3643,0.8562575578689575,0.9752176825184193,0.9989953114534494,516,0.9335109926715524,0.1
0.9353448275862069,17,dice_plus_naive_hybrid,0.28889514387190945,hippocampus_327,138,351,1.0,0.9238639783328317,1,3856,3643,0.8567546606063843,0.9738430583501007,0.9986586183769283,506,0.934791305507401,0.1
0.9341947834410146,17,dice_plus_tolerance_hybrid,0.29386310089043094,hippocampus_327,140,358,1.0,0.9227067669172933,1,3861,3643,0.8562188148498535,0.9755443886097153,0.9993299832495812,515,0.93363539445629,0.1
0.8258728737690242,5,baseline,0.7540925227845909,hippocampus_330,588,885,1.4142135623730951,0.8155898509024326,1,4294,3997,0.7996835708618164,0.8398999374609131,0.9906191369606003,1478,0.8223374743697985,0.02
0.8393296089385475,0,dice_only,0.6959762498347528,hippocampus_330,520,822,1.4142135623730951,0.8369536770478933,1,4299,3997,0.8103674650192261,0.8609978035770317,0.9915280828365234,1342,0.8382352941176471,0.02
0.8395889186773905,0,dice_plus_band,0.6951844043596647,hippocampus_330,519,820,1.4142135623730951,0.8373919874312648,1,4298,3997,0.810438334941864,0.8616687578419071,0.9915307402760352,1339,0.8385774562989753,0.02
0.839142091152815,0,dice_plus_onecut,0.6982617999563666,hippocampus_330,523,823,1.4142135623730951,0.8360398114195914,1,4297,3997,0.8103654384613037,0.8612680477087257,0.9915254237288136,1346,0.8377140101278032,0.02
0.8393296089385475,0,dice_plus_naive_hybrid,0.695846280094441,hippocampus_330,520,821,1.4142135623730951,0.8371727748691099,1,4298,3997,0.8104186058044434,0.8613115782867901,0.9915280828365234,1341,0.8383363471971067,0.02
0.839142091152815,0,dice_plus_tolerance_hybrid,0.6988895463468249,hippocampus_330,524,823,1.4142135623730951,0.8357348703170029,1,4296,3997,0.8103587031364441,0.8612680477087257,0.9915254237288136,1347,0.8375738574701556,0.02
0.8258728737690242,5,baseline,0.7540925227845909,hippocampus_330,588,885,1.4142135623730951,0.8155898509024326,1,4294,3997,0.7996835708618164,0.8398999374609131,0.9906191369606003,1478,0.8223374743697985,0.05
0.8506928922664283,0,dice_only,0.6376499937048513,hippocampus_330,463,752,1.4142135623730951,0.8563927540036755,1,4286,3997,0.821657121181488,0.8803016022620169,0.9927741124725102,1215,0.8533140166606302,0.05
0.8513966480446927,0,dice_plus_band,0.6336196992892854,hippocampus_330,459,748,1.4142135623730951,0.8576680672268907,1,4286,3997,0.8221490383148193,0.8815582783537543,0.9927741124725102,1207,0.8542798502957866,0.05
0.8520419549207766,0,dice_plus_onecut,0.6335560268124009,hippocampus_330,457,752,1.4142135623730951,0.8566176470588235,1,4292,3997,0.8219039440155029,0.885158456228428,0.9943520552243489,1209,0.8541440463264568,0.05
0.8519097610006701,0,dice_plus_naive_hybrid,0.6305825930665269,hippocampus_330,455,748,1.4142135623730951,0.8582677165354331,1,4290,3997,0.822114109992981,0.8832391713747646,0.9937225360954175,1203,0.8548328707614335,0.05
0.8520419549207766,0,dice_plus_tolerance_hybrid,0.6341835762319177,hippocampus_330,458,752,1.4142135623730951,0.8563173102180195,1,4291,3997,0.8218757510185242,0.885158456228428,0.9943520552243489,1210,0.8540057915057915,0.05
0.8258728737690242,5,baseline,0.7540925227845909,hippocampus_330,588,885,1.4142135623730951,0.8155898509024326,1,4294,3997,0.7996835708618164,0.8398999374609131,0.9906191369606003,1478,0.8223374743697985,0.1
0.8565042467590523,0,dice_only,0.6006999163601493,hippocampus_330,429,702,1.4142135623730951,0.8710783021355127,1,4270,3997,0.8323754072189331,0.8932619647355163,0.9946473551637279,1131,0.8631910003628885,0.1
0.85905740451195,0,dice_plus_band,0.5901255664061933,hippocampus_330,418,691,1.4142135623730951,0.8738786279683377,1,4270,3997,0.8336355686187744,0.8987102862535389,0.9952815350739226,1109,0.8658521833797024,0.1
0.859246040597814,0,dice_plus_onecut,0.5928598611483353,hippocampus_330,418,698,1.4142135623730951,0.8720654180954893,1,4277,3997,0.8330520987510681,0.9013509267986176,0.9962299717247879,1116,0.8651196519216824,0.1
0.8593121929432782,0,dice_plus_naive_hybrid,0.5902165160606544,hippocampus_330,418,692,1.4142135623730951,0.8733509234828496,1,4271,3997,0.8335551023483276,0.8987102862535389,0.9952815350739226,1110,0.8657474600870827,0.1
0.8586738111185532,0,dice_plus_tolerance_hybrid,0.5947294874936826,hippocampus_330,422,697,1.4142135623730951,0.8717678100263853,1,4272,3997,0.8329848051071167,0.9006913890634821,0.9968573224387178,1119,0.8646752932639981,0.1
0.8969181721572795,16,baseline,0.5345955557934597,hippocampus_332,240,701,1.4142135623730951,0.8254252461951657,1,3788,3327,0.8111059069633484,0.9386776293251113,0.999314833847208,957,0.8677442023893184,0.02
0.9139957264957265,3,dice_only,0.4746262925987693,hippocampus_332,192,632,1.4142135623730951,0.8483582089552238,1,3767,3327,0.8218762874603271,0.9488499828355648,0.9993134225883968,827,0.8838455032421765,0.02
0.9142399145070799,3,dice_plus_band,0.4728668232663517,hippocampus_332,191,627,1.0,0.8497161637287123,1,3763,3327,0.8219612836837769,0.9505324630711096,0.9993129508759876,821,0.8846262341325811,0.02
0.9142399145070799,3,dice_plus_onecut,0.474719693882203,hippocampus_332,193,629,1.0,0.8485210636390798,1,3763,3327,0.8218602538108826,0.9519395811877789,0.9993134225883968,825,0.8840620592383639,0.02
0.9142399145070799,3,dice_plus_naive_hybrid,0.4733465390589967,hippocampus_332,192,628,1.0,0.8491186136838961,1,3763,3327,0.8219294548034668,0.9519395811877789,0.9993134225883968,823,0.8843441466854725,0.02
0.9142399145070799,3,dice_plus_tolerance_hybrid,0.475108283835285,hippocampus_332,193,630,1.0,0.8482676224611708,1,3764,3327,0.821853518486023,0.9505494505494505,0.9993131868131868,826,0.8839373854181357,0.02
0.8969181721572795,16,baseline,0.5345955557934597,hippocampus_332,240,701,1.4142135623730951,0.8254252461951657,1,3788,3327,0.8111059069633484,0.9386776293251113,0.999314833847208,957,0.8677442023893184,0.05
0.9236111111111112,0,dice_only,0.4335319965374439,hippocampus_332,162,576,1.0,0.8640192539109507,1,3741,3327,0.8327039480209351,0.9595197255574615,0.9993138936535163,738,0.8955857385398981,0.05
0.9246794871794872,0,dice_plus_band,0.42797550138143553,hippocampus_332,157,570,1.0,0.8660848630755341,1,3740,3327,0.8332011103630066,0.9616306954436451,0.999314833847208,727,0.8971274939861328,0.05
0.9228304405874499,0,dice_plus_onecut,0.43531887886648746,hippocampus_332,159,579,1.0,0.8651246620606788,1,3747,3327,0.8327955007553101,0.9616175462645647,0.9993145990404386,738,0.8956743002544529,0.05
0.9241452991452992,0,dice_plus_naive_hybrid,0.4293458336870197,hippocampus_332,159,572,1.0,0.8654829972916039,1,3740,3327,0.8330757021903992,0.9616306954436451,0.999314833847208,731,0.8965614829489175,0.05
0.9228304405874499,0,dice_plus_tolerance_hybrid,0.43582915107034403,hippocampus_332,158,582,1.0,0.8646864686468647,1,3751,3327,0.8327657580375671,0.960602946214457,0.999314833847208,740,0.8954506922859565,0.05
0.8969181721572795,16,baseline,0.5345955557934597,hippocampus_332,240,701,1.4142135623730951,0.8254252461951657,1,3788,3327,0.8111059069633484,0.9386776293251113,0.999314833847208,957,0.8677442023893184,0.1
0.9303695768612747,0,dice_only,0.39638250654511453,hippocampus_332,139,525,1.0,0.8777979431336963,1,3713,3327,0.8431087732315063,0.9681506849315068,0.9993150684931507,664,0.9056818181818181,0.1
0.9334406870638755,0,dice_plus_band,0.38110040343191204,hippocampus_332,131,506,1.0,0.8822282773236452,1,3702,3327,0.8442835211753845,0.969188634029442,0.9993153029784321,637,0.9093754445867122,0.1
0.9311176628249799,0,dice_plus_onecut,0.3926447395301993,hippocampus_332,135,522,1.0,0.879154078549849,1,3714,3327,0.843376636505127,0.9702258726899384,1.0,657,0.9066893907115466,0.1
0.9316170555108608,0,dice_plus_naive_hybrid,0.3889657756377541,hippocampus_332,134,515,1.0,0.8808227465214761,1,3708,3327,0.8439962863922119,0.9695205479452055,0.9993150684931507,649,0.9077469793887705,0.1
0.9308681672025724,0,dice_plus_tolerance_hybrid,0.39313594116728995,hippocampus_332,135,524,1.0,0.878888553307158,1,3716,3327,0.8432983160018921,0.969551830311324,1.0,659,0.906431918216669,0.1
0.8932515337423312,46,baseline,0.6006278320108261,hippocampus_338,214,751,1.4142135623730951,0.8322545846817692,1,4160,3623,0.8151460886001587,0.9229390681003584,0.9978494623655914,1011,0.8760118206347167,0.02
0.9161164098801663,15,dice_only,0.5240049812484087,hippocampus_338,170,659,1.4142135623730951,0.8584750411409764,1,4112,3623,0.8273736834526062,0.9420393559928444,0.998211091234347,844,0.892824822236587,0.02
0.916075360900416,16,dice_plus_band,0.5217077769331058,hippocampus_338,169,654,1.4142135623730951,0.8594950603732162,1,4108,3623,0.8274387121200562,0.9427139276763337,0.9982098102398854,839,0.8935454663044884,0.02
0.9166462967489611,15,dice_plus_onecut,0.5232192379844708,hippocampus_338,168,659,1.4142135623730951,0.8584750411409764,1,4114,3623,0.8273829221725464,0.9431127012522361,0.998211091234347,842,0.8931110249450691,0.02
0.9163814180929095,16,dice_plus_naive_hybrid,0.5214687031511176,hippocampus_338,168,656,1.4142135623730951,0.8589462129527992,1,4111,3623,0.8274263739585876,0.9434502505368647,0.9982104509663565,840,0.8934574605637445,0.02
0.9166462967489611,15,dice_plus_tolerance_hybrid,0.5232192379844708,hippocampus_338,168,659,1.4142135623730951,0.8584750411409764,1,4114,3623,0.8273844122886658,0.9431127012522361,0.998211091234347,842,0.8931110249450691,0.02
0.8932515337423312,46,baseline,0.6006278320108261,hippocampus_338,214,751,1.4142135623730951,0.8322545846817692,1,4160,3623,0.8151460886001587,0.9229390681003584,0.9978494623655914,1011,0.8760118206347167,0.05
0.9317347687790556,4,dice_only,0.4622654960040332,hippocampus_338,139,582,1.0,0.8750694058856191,1,4066,3623,0.840397834777832,0.9541547277936963,0.9992836676217765,725,0.9062296787618676,0.05
0.9329089128305583,4,dice_plus_band,0.45394076796423405,hippocampus_338,137,571,1.0,0.8770856507230256,1,4057,3623,0.8408632278442383,0.9552292263610315,0.9992836676217765,712,0.9078125,0.05
0.9320293398533007,4,dice_plus_onecut,0.46253225442632573,hippocampus_338,135,584,1.0,0.8754507628294036,1,4072,3623,0.840542733669281,0.9574239713774597,0.9996422182468694,723,0.9065627030539312,0.05
0.9327134817714705,4,dice_plus_naive_hybrid,0.4552284213091976,hippocampus_338,135,574,1.0,0.877153974430239,1,4062,3623,0.8407790064811707,0.9577817531305903,0.9996422182468694,713,0.9077423552374756,0.05
0.9320293398533007,4,dice_plus_tolerance_hybrid,0.463055709062842,hippocampus_338,135,584,1.0,0.8754507628294036,1,4072,3623,0.840535044670105,0.9574087329992842,0.9996420901932713,723,0.9065627030539312,0.05
0.8932515337423312,46,baseline,0.6006278320108261,hippocampus_338,214,751,1.4142135623730951,0.8322545846817692,1,4160,3623,0.8151460886001587,0.9229390681003584,0.9978494623655914,1011,0.8760118206347167,0.1
0.9418975239029174,1,dice_only,0.3988606353754941,hippocampus_338,116,497,1.0,0.8934611048478016,1,4004,3623,0.8529949188232422,0.967013266403729,0.9996414485478666,614,0.9196276386521568,0.1
0.9445534838076546,1,dice_plus_band,0.38781943121200635,hippocampus_338,111,484,1.0,0.8952864803838555,1,3996,3623,0.8541080951690674,0.9681346222699606,0.9996419620479771,596,0.9219057619110119,0.1
0.9423878401569012,1,dice_plus_onecut,0.39779994054836487,hippocampus_338,114,495,1.0,0.8940248027057497,1,4004,3623,0.8533015251159668,0.9681003584229391,0.9996415770609319,610,0.9201520912547528,0.1
0.9433684726648689,1,dice_plus_naive_hybrid,0.3925698605684085,hippocampus_338,110,490,1.0,0.895404567239921,1,4003,3623,0.8538670539855957,0.9684926602219835,0.9996419620479771,601,0.9213217938630999,0.1
0.9423878401569012,1,dice_plus_tolerance_hybrid,0.39779994054836487,hippocampus_338,114,495,1.0,0.8940248027057497,1,4004,3623,0.853270411491394,0.9681003584229391,0.9996415770609319,610,0.9201520912547528,0.1
0.8260038240917782,98,baseline,0.6106056981363225,hippocampus_349,92,901,1.4142135623730951,0.7824540604623592,1,3399,2590,0.7701882719993591,0.871499808208669,0.9957805907172996,1091,0.8341960260477542,0.02
0.8465648854961833,77,dice_only,0.5569069756926274,hippocampus_349,70,816,1.4142135623730951,0.8070175438596491,1,3336,2590,0.7816018462181091,0.8894472361809045,0.9972941631233089,963,0.850489368882889,0.02
0.8461244749904544,78,dice_plus_band,0.5544275734651928,hippocampus_349,69,813,1.4142135623730951,0.8078668683812406,1,3334,2590,0.7816512584686279,0.8898337843061461,0.9972941631233089,960,0.8511141120864281,0.02
0.8456837280366692,78,dice_plus_onecut,0.5573598449911407,hippocampus_349,71,815,1.4142135623730951,0.8070175438596491,1,3334,2590,0.7815830111503601,0.8902203324313878,0.9972941631233089,964,0.8504388926401081,0.02
0.8461244749904544,78,dice_plus_naive_hybrid,0.5558136524901742,hippocampus_349,70,814,1.4142135623730951,0.8072617246596067,1,3334,2590,0.7816302180290222,0.8902203324313878,0.9972941631233089,962,0.8507765023632681,0.02
0.8456837280366692,78,dice_plus_tolerance_hybrid,0.5573598449911407,hippocampus_349,71,815,1.4142135623730951,0.8070175438596491,1,3334,2590,0.7815814018249512,0.8902203324313878,0.9972941631233089,964,0.8504388926401081,0.02
0.8260038240917782,98,baseline,0.6106056981363225,hippocampus_349,92,901,1.4142135623730951,0.7824540604623592,1,3399,2590,0.7701882719993591,0.871499808208669,0.9957805907172996,1091,0.8341960260477542,0.05
0.8605363984674329,67,dice_only,0.5136087054982352,hippocampus_349,54,748,1.4142135623730951,0.8247549019607843,1,3284,2590,0.7934507727622986,0.9014357780364766,0.9980597594101669,869,0.8634661218930881,0.05
0.8620689655172413,68,dice_plus_band,0.5081277758696042,hippocampus_349,50,739,1.4142135623730951,0.8266339367904265,1,3279,2590,0.7938748598098755,0.9045401629802096,0.9980597594101669,857,0.8655648321690237,0.05
0.8604294478527608,68,dice_plus_onecut,0.511780943724619,hippocampus_349,55,743,1.4142135623730951,0.8251533742331288,1,3278,2590,0.7936208248138428,0.9045401629802096,0.9980597594101669,866,0.8640081799591002,0.05
0.8613026819923372,68,dice_plus_naive_hybrid,0.5104187323422588,hippocampus_349,52,742,1.4142135623730951,0.8257668711656442,1,3280,2590,0.7938222885131836,0.9045771916214119,0.9980605120248255,862,0.8647359454855196,0.05
0.8608662322729015,67,dice_plus_tolerance_hybrid,0.5113551999770038,hippocampus_349,54,744,1.4142135623730951,0.8255136461208218,1,3280,2590,0.7936066389083862,0.904189294026377,0.9980605120248255,865,0.8640545144804088,0.05
0.8260038240917782,98,baseline,0.6106056981363225,hippocampus_349,92,901,1.4142135623730951,0.7824540604623592,1,3399,2590,0.7701882719993591,0.871499808208669,0.9957805907172996,1091,0.8341960260477542,0.1
0.8745188606620478,60,dice_only,0.4670145517753192,hippocampus_349,41,676,1.4142135623730951,0.841156356854212,1,3225,2590,0.8049697279930115,0.9157894736842105,0.9992202729044835,777,0.8766981943250215,0.1
0.8769764751253375,60,dice_plus_band,0.45713035703048055,hippocampus_349,38,661,1.4142135623730951,0.8442367601246106,1,3213,2590,0.8060106039047241,0.9188451033944596,0.999219664455716,759,0.8795450628985008,0.1
0.8755298651252409,60,dice_plus_onecut,0.463800122915518,hippocampus_349,38,668,1.4142135623730951,0.8435458786936236,1,3220,2590,0.8055286407470703,0.9201091192517536,0.9992205767731879,766,0.8784853700516351,0.1
0.8763005780346821,60,dice_plus_naive_hybrid,0.4573183323067731,hippocampus_349,36,662,1.4142135623730951,0.8452195577701651,1,3216,2590,0.8059460520744324,0.9197194076383476,0.9992205767731879,758,0.8797795384085428,0.1
0.8758673862760216,60,dice_plus_tolerance_hybrid,0.4636762580498922,hippocampus_349,38,668,1.4142135623730951,0.8432835820895522,1,3220,2590,0.805492103099823,0.9201091192517536,0.9992205767731879,766,0.8784853700516351,0.1
0.8626795856999666,59,baseline,0.5547893318428283,hippocampus_350,175,668,1.4142135623730951,0.8374704491725768,1,3435,2942,0.8006014227867126,0.9371189024390244,0.9996189024390244,902,0.8678061784538184,0.02
0.8831168831168831,39,dice_only,0.49771662936040684,hippocampus_350,141,601,1.4142135623730951,0.8596228674049686,1,3402,2942,0.8122085332870483,0.9491006505931879,0.9996172981247609,781,0.8830390920554855,0.02
0.8831168831168831,39,dice_plus_band,0.496061639400917,hippocampus_350,140,599,1.1449747468305456,0.8604790419161676,1,3401,2942,0.8122748732566833,0.949885233358837,0.9996174445294568,778,0.883493615008671,0.02
0.8831168831168831,39,dice_plus_onecut,0.49739958874626755,hippocampus_350,140,600,1.1656854249492756,0.8602214905716852,1,3402,2942,0.8121892213821411,0.9498660543436663,0.9996172981247609,779,0.8833543505674654,0.02
0.8831168831168831,39,dice_plus_naive_hybrid,0.49739958874626755,hippocampus_350,141,600,1.1656854249492756,0.859880239520958,1,3401,2942,0.8122466802597046,0.9498660543436663,0.9996172981247609,780,0.883178306794892,0.02
0.8831168831168831,39,dice_plus_tolerance_hybrid,0.49739958874626755,hippocampus_350,140,600,1.1656854249492756,0.8602214905716852,1,3402,2942,0.8121877908706665,0.9498660543436663,0.9996172981247609,779,0.8833543505674654,0.02
0.8626795856999666,59,baseline,0.5547893318428283,hippocampus_350,175,668,1.4142135623730951,0.8374704491725768,1,3435,2942,0.8006014227867126,0.9371189024390244,0.9996189024390244,902,0.8678061784538184,0.05
0.899867374005305,30,dice_only,0.44808399372639046,hippocampus_350,112,549,1.0,0.8732223903177004,1,3379,2942,0.8241907954216003,0.9582375478927203,1.0,691,0.8954279386173074,0.05
0.9016611295681063,30,dice_plus_band,0.44324060248024016,hippocampus_350,112,538,1.0,0.8745454545454545,1,3368,2942,0.8246378898620605,0.9585571757482733,1.0,680,0.8969889064976229,0.05
0.9008949287371562,31,dice_plus_onecut,0.44506548216412567,hippocampus_350,109,546,1.0,0.8734866828087167,1,3379,2942,0.8242975473403931,0.9593869731800766,1.0,686,0.8963771555133682,0.05
0.9020259050149452,31,dice_plus_naive_hybrid,0.4427336765960856,hippocampus_350,110,538,1.0,0.874280521054226,1,3370,2942,0.8245382308959961,0.9597238204833142,1.0,679,0.8973384030418251,0.05
0.9008949287371562,31,dice_plus_tolerance_hybrid,0.445224184678445,hippocampus_350,109,547,1.0,0.8732223903177004,1,3380,2942,0.8242853879928589,0.9590038314176246,1.0,687,0.896235368554255,0.05
0.8626795856999666,59,baseline,0.5547893318428283,hippocampus_350,175,668,1.4142135623730951,0.8374704491725768,1,3435,2942,0.8006014227867126,0.9371189024390244,0.9996189024390244,902,0.8678061784538184,0.1
0.9155349453461411,19,dice_only,0.3948118598539516,hippocampus_350,94,484,1.0,0.8890937019969278,1,3332,2942,0.8358170390129089,0.9674952198852772,1.0,597,0.9078737647433854,0.1
0.9170537491705375,20,dice_plus_band,0.3864750764356691,hippocampus_350,90,476,1.0,0.8906633906633906,1,3328,2942,0.8368580341339111,0.9678899082568807,1.0,586,0.9097288676236045,0.1
0.9161974163630341,19,dice_plus_onecut,0.39134076348094726,hippocampus_350,92,481,1.0,0.8899815611555009,1,3331,2942,0.8362119197845459,0.9705882352941176,1.0,592,0.9086561453849833,0.1
0.9167495854063018,20,dice_plus_naive_hybrid,0.3872707787707861,hippocampus_350,90,477,1.0,0.8906633906633906,1,3329,2942,0.8366932272911072,0.9702176403207331,1.0,587,0.9095837984372508,0.1
0.9161974163630341,19,dice_plus_tolerance_hybrid,0.39210470542135983,hippocampus_350,92,482,1.0,0.8897081413210446,1,3332,2942,0.8361839056015015,0.9705882352941176,1.0,593,0.9085113165444693,0.1
0.9183246073298429,2,baseline,0.5176457932773483,hippocampus_356,141,744,1.4142135623730951,0.8471523178807947,1,4099,3496,0.831405758857727,0.9393836776159837,0.9976295292922451,887,0.8834759710335747,0.02
0.9343832020997376,0,dice_only,0.4529636467638528,hippocampus_356,106,661,1.4142135623730951,0.8616537329408617,1,4051,3496,0.8415235280990601,0.9490662139219015,0.9976230899830221,767,0.8983702133297999,0.02
0.9346628181579638,0,dice_plus_band,0.4516054124684369,hippocampus_356,105,660,1.4142135623730951,0.8618843683083511,1,4051,3496,0.8416139483451843,0.9490662139219015,0.9976230899830221,765,0.8986352192924341,0.02
0.9343832020997376,0,dice_plus_onecut,0.4529636467638528,hippocampus_356,105,661,1.4142135623730951,0.8619582664526485,1,4052,3496,0.8415209650993347,0.9490662139219015,0.9976230899830221,766,0.8985161632220455,0.02
0.9343832020997376,0,dice_plus_naive_hybrid,0.4529636467638528,hippocampus_356,106,661,1.4142135623730951,0.8616537329408617,1,4051,3496,0.8415843844413757,0.9490662139219015,0.9976230899830221,767,0.8983702133297999,0.02
0.9343832020997376,0,dice_plus_tolerance_hybrid,0.4529636467638528,hippocampus_356,106,661,1.4142135623730951,0.8616537329408617,1,4051,3496,0.8415228128433228,0.9490662139219015,0.9976230899830221,767,0.8983702133297999,0.02
0.9183246073298429,2,baseline,0.5176457932773483,hippocampus_356,141,744,1.4142135623730951,0.8471523178807947,1,4099,3496,0.831405758857727,0.9393836776159837,0.9976295292922451,887,0.8834759710335747,0.05
0.9468700683850605,0,dice_only,0.39392939541625593,hippocampus_356,80,581,1.0,0.875643457057708,1,3997,3496,0.8520771265029907,0.9530132788559755,0.9982975825672454,661,0.9117843320432404,0.05
0.9481442484864439,0,dice_plus_band,0.387536792901512,hippocampus_356,76,574,1.0,0.8772690327824438,1,3994,3496,0.8525247573852539,0.9530452534875808,0.9982987410683906,650,0.9132176234979973,0.05
0.9471191791633781,0,dice_plus_onecut,0.39483602981266175,hippocampus_356,80,581,1.0,0.875406283856988,1,3997,3496,0.8521031141281128,0.9533378746594006,0.9982970027247956,661,0.9117843320432404,0.05
0.9476453564851355,0,dice_plus_naive_hybrid,0.3891882851199734,hippocampus_356,76,576,1.0,0.8772690327824438,1,3996,3496,0.852376401424408,0.9537257570602246,0.9982987410683906,652,0.9129738387613454,0.05
0.9468700683850605,0,dice_plus_tolerance_hybrid,0.3950420781511661,hippocampus_356,80,582,1.0,0.875406283856988,1,3998,3496,0.8521050810813904,0.9533537623425263,0.9982975825672454,662,0.9116626634641046,0.05
0.9183246073298429,2,baseline,0.5176457932773483,hippocampus_356,141,744,1.4142135623730951,0.8471523178807947,1,4099,3496,0.831405758857727,0.9393836776159837,0.9976295292922451,887,0.8834759710335747,0.1
0.9564068692206077,0,dice_only,0.34750368289717204,hippocampus_356,62,517,1.0,0.8869470234844348,1,3951,3496,0.8624310493469238,0.9585034013605442,0.998639455782313,579,0.9222505706996106,0.1
0.9572107765451664,0,dice_plus_band,0.3389177506906688,hippocampus_356,60,505,1.0,0.8896192823883867,1,3941,3496,0.8634312152862549,0.9595238095238096,0.998639455782313,565,0.9240285061180583,0.1
0.9561542525092446,0,dice_plus_onecut,0.3470604104041554,hippocampus_356,62,515,1.0,0.8876742279311287,1,3949,3496,0.8625523447990417,0.9595100374276965,0.9989792446410344,577,0.9224983210208193,0.1
0.9566825145272055,0,dice_plus_naive_hybrid,0.34337601873190426,hippocampus_356,61,510,1.0,0.8886456908344733,1,3945,3496,0.8631210327148438,0.9601905410003403,0.9989792446410344,571,0.9232630022846392,0.1
0.9561542525092446,0,dice_plus_tolerance_hybrid,0.346562247214248,hippocampus_356,62,514,1.0,0.8879168944778567,1,3948,3496,0.8625509142875671,0.9601905410003403,0.9989792446410344,576,0.922622246104245,0.1
0.7428202646014843,289,baseline,0.6305981978386102,hippocampus_358,162,831,1.4142135623730951,0.7685406698564593,1,3556,2887,0.7474591135978699,0.9072321090496024,0.9806891329042029,1282,0.8458792487971442,0.02
0.7565810854728632,285,dice_only,0.5783912029044682,hippocampus_358,135,756,1.4142135623730951,0.78541289933695,1,3508,2887,0.75736403465271,0.9207317073170732,0.9839939024390244,1176,0.8606724003127443,0.02
0.7565810854728632,285,dice_plus_band,0.576266101493838,hippocampus_358,135,754,1.4142135623730951,0.7858866103739445,1,3506,2887,0.7574529647827148,0.9207619047619048,0.984,1174,0.8609416549350852,0.02
0.7565810854728632,285,dice_plus_onecut,0.5768657368577772,hippocampus_358,133,757,1.4142135623730951,0.7859078590785907,1,3511,2887,0.7573637366294861,0.9215536938309216,0.9847677075399848,1175,0.8608940293841826,0.02
0.7568270481144344,285,dice_plus_naive_hybrid,0.5758157142709985,hippocampus_358,135,753,1.4142135623730951,0.7858866103739445,1,3505,2887,0.7574272155761719,0.9204112718964204,0.9847677075399848,1173,0.8610763454317898,0.02
0.7565810854728632,285,dice_plus_tolerance_hybrid,0.5774721188635831,hippocampus_358,134,756,1.4142135623730951,0.785778849050919,1,3509,2887,0.7573585510253906,0.9211728865194212,0.9851485148514851,1175,0.8608505315822389,0.02
0.7428202646014843,289,baseline,0.6305981978386102,hippocampus_358,162,831,1.4142135623730951,0.7685406698564593,1,3556,2887,0.7474591135978699,0.9072321090496024,0.9806891329042029,1282,0.8458792487971442,0.05
0.7654563297350343,282,dice_only,0.5253118712819053,hippocampus_358,123,683,1.4142135623730951,0.8007323771742447,1,3447,2887,0.7670743465423584,0.92848948374761,0.9862332695984704,1088,0.8727502368171771,0.05
0.7668631303208906,282,dice_plus_band,0.5231006950927807,hippocampus_358,122,677,1.4142135623730951,0.8012213740458015,1,3442,2887,0.7675509452819824,0.9292001530807501,0.9862227324913893,1081,0.8737557276030968,0.05
0.7659574468085106,282,dice_plus_onecut,0.5262047458642277,hippocampus_358,123,682,1.4142135623730951,0.8004881025015254,1,3446,2887,0.7671377062797546,0.9288446824789595,0.9862280030604438,1087,0.8728880467393021,0.05
0.7668631303208906,282,dice_plus_naive_hybrid,0.5240482464718577,hippocampus_358,122,679,1.4142135623730951,0.8007323771742447,1,3444,2887,0.7674142122268677,0.9292272379495027,0.9862280030604438,1083,0.8734797030484915,0.05
0.7657068062827225,282,dice_plus_tolerance_hybrid,0.5263632055284867,hippocampus_358,123,683,1.4142135623730951,0.8004881025015254,1,3447,2887,0.7671157717704773,0.9284621270084162,0.9862280030604438,1088,0.8727502368171771,0.05
0.7428202646014843,289,baseline,0.6305981978386102,hippocampus_358,162,831,1.4142135623730951,0.7685406698564593,1,3556,2887,0.7474591135978699,0.9072321090496024,0.9806891329042029,1282,0.8458792487971442,0.1
0.7750410509031199,278,dice_only,0.4855805207188507,hippocampus_358,106,634,1.4142135623730951,0.8124040528093337,1,3415,2887,0.7770093679428101,0.9360887868350555,0.9869881362418675,1018,0.8825769596953348,0.1
0.7767564018384767,280,dice_plus_band,0.47797528667698613,hippocampus_358,99,628,1.4142135623730951,0.8136321768498619,1,3416,2887,0.7781813144683838,0.9368058215243202,0.9869781692837993,1007,0.8846580993177852,0.1
0.7751887102067607,278,dice_plus_onecut,0.4857543186293136,hippocampus_358,104,634,1.4142135623730951,0.8130181148295977,1,3417,2887,0.7772135138511658,0.9368541905855339,0.9873708381171068,1016,0.8829314720812182,0.1
0.7763546798029557,279,dice_plus_naive_hybrid,0.47963868987518904,hippocampus_358,102,627,1.4142135623730951,0.8137676705593117,1,3412,2887,0.7778465151786804,0.938337801608579,0.9869781692837993,1008,0.8842673440228608,0.1
0.7751887102067607,278,dice_plus_tolerance_hybrid,0.4857543186293136,hippocampus_358,104,634,1.4142135623730951,0.8130181148295977,1,3417,2887,0.7771708369255066,0.9368541905855339,0.9873708381171068,1016,0.8829314720812182,0.1
0.8811312417145383,101,baseline,0.5667417185847202,hippocampus_374,168,807,1.4142135623730951,0.834755624515128,1,4516,3877,0.8161913752555847,0.930730050933786,0.997283531409168,1076,0.8838317645657096,0.02
0.8942584792728885,98,dice_only,0.498300637700611,hippocampus_374,130,715,1.4142135623730951,0.8526645768025078,1,4462,3877,0.8262763023376465,0.9485519591141397,0.9979557069846678,943,0.8986689051445017,0.02
0.8944567627494456,98,dice_plus_band,0.49744797943125196,hippocampus_374,129,713,1.4142135623730951,0.8531870428422152,1,4461,3877,0.8263522982597351,0.9485344239945467,0.9979550102249489,940,0.8990165507315903,0.02
0.8942584792728885,98,dice_plus_onecut,0.49794292456508643,hippocampus_374,130,714,1.4142135623730951,0.8528873791481578,1,4461,3877,0.8262754678726196,0.948892674616695,0.9979557069846678,942,0.8987766850563684,0.02
0.8942584792728885,98,dice_plus_naive_hybrid,0.49761920669550025,hippocampus_374,129,714,1.4142135623730951,0.8531870428422152,1,4462,3877,0.8263296484947205,0.9485519591141397,0.9979557069846678,941,0.8989087420554023,0.02
0.8942584792728885,98,dice_plus_tolerance_hybrid,0.49794292456508643,hippocampus_374,130,714,1.4142135623730951,0.8528873791481578,1,4461,3877,0.8262686133384705,0.948892674616695,0.9979557069846678,942,0.8987766850563684,0.02
0.8811312417145383,101,baseline,0.5667417185847202,hippocampus_374,168,807,1.4142135623730951,0.834755624515128,1,4516,3877,0.8161913752555847,0.930730050933786,0.997283531409168,1076,0.8838317645657096,0.05
0.9081564245810055,97,dice_only,0.4248393884466475,hippocampus_374,113,594,1.0,0.8696808510638298,1,4358,3877,0.8373352289199829,0.9618163054695562,0.998624011007912,804,0.914146933819065,0.05
0.9094972067039107,97,dice_plus_band,0.4205136875875517,hippocampus_374,110,590,1.0,0.8699122106943336,1,4357,3877,0.8377569913864136,0.9621733149931224,0.9993122420907841,797,0.9149866407578334,0.05
0.9081974536519991,98,dice_plus_onecut,0.4237007402672048,hippocampus_374,111,595,1.0,0.8694496144642382,1,4361,3877,0.8374215364456177,0.9625171939477304,0.9993122420907841,804,0.9142995872784656,0.05
0.9092940125111707,98,dice_plus_naive_hybrid,0.420261950721125,hippocampus_374,109,591,1.0,0.8696808510638298,1,4359,3877,0.8376521468162537,0.9625171939477304,0.9993122420907841,798,0.9150072850898494,0.05
0.9081974536519991,98,dice_plus_tolerance_hybrid,0.42301298235798884,hippocampus_374,111,594,1.0,0.8696808510638298,1,4360,3877,0.8374028205871582,0.9625171939477304,0.9993122420907841,803,0.9144105863785359,0.05
0.8811312417145383,101,baseline,0.5667417185847202,hippocampus_374,168,807,1.4142135623730951,0.834755624515128,1,4516,3877,0.8161913752555847,0.930730050933786,0.997283531409168,1076,0.8838317645657096,0.1
0.9163489571652838,95,dice_only,0.3748029000040348,hippocampus_374,99,519,1.0,0.882907133243607,1,4297,3877,0.8489639163017273,0.97143840330351,0.9993117687543015,713,0.9243944213359432,0.1
0.918724741805119,95,dice_plus_band,0.36105114299179186,hippocampus_374,96,495,1.0,0.8867261422005948,1,4276,3877,0.849949061870575,0.9745091284877713,0.9993110575266965,686,0.9275113455169877,0.1
0.9170775437023756,95,dice_plus_onecut,0.37002212841869686,hippocampus_374,96,514,1.0,0.8840970350404312,1,4295,3877,0.849239706993103,0.9748795595320028,0.9996558843771507,705,0.925354870288791,0.1
0.9172460192868356,95,dice_plus_naive_hybrid,0.36906418867647905,hippocampus_374,97,508,1.0,0.8850512682137075,1,4288,3877,0.849719226360321,0.974526678141136,0.9993115318416523,700,0.9259032455603184,0.1
0.9170775437023756,95,dice_plus_tolerance_hybrid,0.3699561234157573,hippocampus_374,96,515,1.0,0.8838587981676098,1,4296,3877,0.8492264151573181,0.9748882008943929,1.0,706,0.9252416493331702,0.1
0.8947110675808031,68,baseline,0.4499391917732208,hippocampus_394,246,527,1.0,0.8747712418300654,1,4095,3814,0.8307942152023315,0.975504799735187,1.0,841,0.9022632444051081,0.02
0.9156388751850024,34,dice_only,0.3887104363315607,hippocampus_394,188,465,1.0,0.901584004154765,1,4091,3814,0.8425323367118835,0.9840901557838913,1.0,687,0.9173940543959519,0.02
0.9160908193484699,34,dice_plus_band,0.388101986201831,hippocampus_394,188,462,1.0,0.9018181818181819,1,4088,3814,0.8425943851470947,0.9840743198407432,1.0,684,0.917742343710453,0.02
0.9158647915124599,34,dice_plus_onecut,0.38797579830602136,hippocampus_394,186,465,1.0,0.9019200830306175,1,4093,3814,0.8425291776657104,0.9847581179589132,1.0,685,0.9176678892120905,0.02
0.9158647915124599,34,dice_plus_naive_hybrid,0.38791023296319044,hippocampus_394,187,464,1.0,0.9018691588785047,1,4091,3814,0.842573881149292,0.9844216108717269,1.0,685,0.9176470588235294,0.02
0.9156388751850024,34,dice_plus_tolerance_hybrid,0.38817852245365103,hippocampus_394,186,466,1.0,0.9019200830306175,1,4094,3814,0.8425308465957642,0.9847631666114608,1.0,686,0.9175518462316642,0.02
0.8947110675808031,68,baseline,0.4499391917732208,hippocampus_394,246,527,1.0,0.8747712418300654,1,4095,3814,0.8307942152023315,0.975504799735187,1.0,841,0.9022632444051081,0.05
0.9310600444773907,24,dice_only,0.3350507081597795,hippocampus_394,147,407,1.0,0.9159073158031763,1,4074,3814,0.8546213507652283,0.987740225314778,1.0,578,0.9297667342799188,0.05
0.9323456790123457,24,dice_plus_band,0.32908649344804985,hippocampus_394,143,401,1.0,0.9171011470281544,1,4072,3814,0.8550208806991577,0.987740225314778,1.0,568,0.9310169921379661,0.05
0.9310600444773907,24,dice_plus_onecut,0.33637608920683054,hippocampus_394,147,409,1.0,0.9154306531355711,1,4076,3814,0.8546566963195801,0.987740225314778,1.0,580,0.929531051964512,0.05
0.9318181818181818,24,dice_plus_naive_hybrid,0.3321786666311616,hippocampus_394,145,404,1.0,0.9163844751237301,1,4073,3814,0.8548928499221802,0.9877361617500828,1.0,573,0.9303917839482693,0.05
0.9310600444773907,24,dice_plus_tolerance_hybrid,0.33637608920683054,hippocampus_394,147,409,1.0,0.9154306531355711,1,4076,3814,0.8546513319015503,0.987740225314778,1.0,580,0.929531051964512,0.05
0.8947110675808031,68,baseline,0.4499391917732208,hippocampus_394,246,527,1.0,0.8747712418300654,1,4095,3814,0.8307942152023315,0.975504799735187,1.0,841,0.9022632444051081,0.1
0.9423410047018065,18,dice_only,0.29025197102669714,hippocampus_394,121,349,1.0,0.9284403669724771,1,4042,3814,0.8656214475631714,0.9907100199071002,1.0,488,0.9401731160896131,0.1
0.9431537320810677,19,dice_plus_band,0.28177597529031495,hippocampus_394,115,339,1.0,0.931161324224908,1,4038,3814,0.8664996027946472,0.9913707268503154,1.0,473,0.9421803362200714,0.1
0.9425742574257425,18,dice_plus_onecut,0.28959679800258026,hippocampus_394,121,347,1.0,0.9286837965390666,1,4040,3814,0.8657287359237671,0.9920371599203716,1.0,486,0.9404125286478228,0.1
0.9433588919119466,18,dice_plus_naive_hybrid,0.2858523214526623,hippocampus_394,117,344,1.0,0.9296956977964324,1,4041,3814,0.8662251830101013,0.9920398009950249,1.0,479,0.9413112667091025,0.1
0.9425742574257425,18,dice_plus_tolerance_hybrid,0.2890316867719416,hippocampus_394,120,347,1.0,0.9289646133682831,1,4041,3814,0.8657172918319702,0.9923714759535655,1.0,485,0.9405474220241884,0.1
